[{"model": "reserva.reserva", "pk": 1, "fields": {"id_habitacion_fk": 1, "id_empleado_fk": 1, "id_cliente_fk": 2, "fecha_reserva": "2020-02-04T14:26:27.940Z", "fecha_entrada": "2020-02-04", "fecha_salida": "2020-02-06", "costo_alojamiento": 240000, "estado": "Finalizado"}}, {"model": "reserva.reserva", "pk": 2, "fields": {"id_habitacion_fk": 3, "id_empleado_fk": 1, "id_cliente_fk": 11, "fecha_reserva": "2020-02-04T18:33:29.683Z", "fecha_entrada": "2020-02-04", "fecha_salida": "2020-02-05", "costo_alojamiento": 140000, "estado": "Anulado"}}, {"model": "reserva.reserva", "pk": 3, "fields": {"id_habitacion_fk": 1, "id_empleado_fk": null, "id_cliente_fk": 11, "fecha_reserva": "2020-02-04T21:02:41.878Z", "fecha_entrada": "2020-02-06", "fecha_salida": "2020-02-10", "costo_alojamiento": 480000, "estado": "Finalizado"}}, {"model": "reserva.reserva", "pk": 4, "fields": {"id_habitacion_fk": 2, "id_empleado_fk": null, "id_cliente_fk": 11, "fecha_reserva": "2020-02-04T21:07:45.189Z", "fecha_entrada": "2020-02-04", "fecha_salida": "2020-02-06", "costo_alojamiento": 125000, "estado": "Anulado"}}, {"model": "reserva.reserva", "pk": 5, "fields": {"id_habitacion_fk": 2, "id_empleado_fk": 1, "id_cliente_fk": 1, "fecha_reserva": "2020-02-15T03:12:13.042Z", "fecha_entrada": "2020-02-16", "fecha_salida": "2020-02-19", "costo_alojamiento": 375000, "estado": "Finalizado"}}, {"model": "reserva.reserva", "pk": 6, "fields": {"id_habitacion_fk": 3, "id_empleado_fk": 1, "id_cliente_fk": 6, "fecha_reserva": "2020-02-18T21:40:29.240Z", "fecha_entrada": "2020-02-18", "fecha_salida": "2020-02-19", "costo_alojamiento": 140000, "estado": "Finalizado"}}, {"model": "reserva.reserva", "pk": 7, "fields": {"id_habitacion_fk": 3, "id_empleado_fk": 1, "id_cliente_fk": 6, "fecha_reserva": "2020-02-18T21:50:28.346Z", "fecha_entrada": "2020-02-18", "fecha_salida": "2020-02-19", "costo_alojamiento": 140000, "estado": "Finalizado"}}, {"model": "reserva.reserva", "pk": 8, "fields": {"id_habitacion_fk": 4, "id_empleado_fk": 1, "id_cliente_fk": 14, "fecha_reserva": "2020-02-18T21:58:29.412Z", "fecha_entrada": "2020-02-18", "fecha_salida": "2020-02-19", "costo_alojamiento": 145000, "estado": "Finalizado"}}, {"model": "reserva.reserva", "pk": 9, "fields": {"id_habitacion_fk": 1, "id_empleado_fk": 1, "id_cliente_fk": 1, "fecha_reserva": "2020-02-19T00:14:33.419Z", "fecha_entrada": "2020-02-18", "fecha_salida": "2020-02-19", "costo_alojamiento": 120000, "estado": "Finalizado"}}, {"model": "reserva.reserva", "pk": 10, "fields": {"id_habitacion_fk": 2, "id_empleado_fk": 1, "id_cliente_fk": 1, "fecha_reserva": "2020-02-20T18:47:59.583Z", "fecha_entrada": "2020-02-20", "fecha_salida": "2020-02-23", "costo_alojamiento": 375000, "estado": "Finalizado"}}, {"model": "reserva.reserva", "pk": 11, "fields": {"id_habitacion_fk": 1, "id_empleado_fk": null, "id_cliente_fk": 26, "fecha_reserva": "2020-02-20T23:46:16.725Z", "fecha_entrada": "2020-02-20", "fecha_salida": "2020-02-22", "costo_alojamiento": 280000, "estado": "Finalizado"}}, {"model": "reserva.reserva", "pk": 12, "fields": {"id_habitacion_fk": 3, "id_empleado_fk": 1, "id_cliente_fk": 12, "fecha_reserva": "2020-02-22T23:49:05.678Z", "fecha_entrada": "2020-02-22", "fecha_salida": "2020-02-23", "costo_alojamiento": 140000, "estado": "Finalizado"}}, {"model": "reserva.reserva", "pk": 13, "fields": {"id_habitacion_fk": 1, "id_empleado_fk": null, "id_cliente_fk": 11, "fecha_reserva": "2020-02-23T23:49:17.592Z", "fecha_entrada": "2020-02-23", "fecha_salida": "2020-02-26", "costo_alojamiento": 360000, "estado": "Finalizado"}}, {"model": "reserva.reserva", "pk": 14, "fields": {"id_habitacion_fk": 3, "id_empleado_fk": 1, "id_cliente_fk": 4, "fecha_reserva": "2020-02-26T01:30:49.903Z", "fecha_entrada": "2020-02-25", "fecha_salida": "2020-02-28", "costo_alojamiento": 420000, "estado": "Finalizado"}}, {"model": "reserva.reserva", "pk": 15, "fields": {"id_habitacion_fk": 4, "id_empleado_fk": 1, "id_cliente_fk": 12, "fecha_reserva": "2020-02-26T01:31:30.474Z", "fecha_entrada": "2020-02-26", "fecha_salida": "2020-02-29", "costo_alojamiento": 435000, "estado": "Finalizado"}}, {"model": "reserva.reserva", "pk": 16, "fields": {"id_habitacion_fk": 1, "id_empleado_fk": null, "id_cliente_fk": 11, "fecha_reserva": "2020-02-26T02:09:18.641Z", "fecha_entrada": "2020-02-29", "fecha_salida": "2020-03-03", "costo_alojamiento": 360000, "estado": "Finalizado"}}, {"model": "reserva.reserva", "pk": 17, "fields": {"id_habitacion_fk": 1, "id_empleado_fk": 1, "id_cliente_fk": 11, "fecha_reserva": "2020-03-24T04:41:24.635Z", "fecha_entrada": "2020-03-24", "fecha_salida": "2020-03-27", "costo_alojamiento": 360000, "estado": "Finalizado"}}, {"model": "reserva.reserva", "pk": 18, "fields": {"id_habitacion_fk": 3, "id_empleado_fk": 1, "id_cliente_fk": 11, "fecha_reserva": "2020-03-25T21:33:14.129Z", "fecha_entrada": "2020-03-25", "fecha_salida": "2020-03-27", "costo_alojamiento": 280000, "estado": "Anulado"}}, {"model": "reserva.reserva", "pk": 19, "fields": {"id_habitacion_fk": 4, "id_empleado_fk": null, "id_cliente_fk": 29, "fecha_reserva": "2020-09-08T13:27:21.743Z", "fecha_entrada": "2020-09-08", "fecha_salida": "2020-09-11", "costo_alojamiento": 435000, "estado": "Finalizado"}}, {"model": "reserva.reserva", "pk": 20, "fields": {"id_habitacion_fk": 2, "id_empleado_fk": null, "id_cliente_fk": 11, "fecha_reserva": "2020-09-08T14:34:35.882Z", "fecha_entrada": "2020-09-08", "fecha_salida": "2020-09-11", "costo_alojamiento": 375000, "estado": "Anulado"}}, {"model": "reserva.reserva", "pk": 21, "fields": {"id_habitacion_fk": 6, "id_empleado_fk": null, "id_cliente_fk": 29, "fecha_reserva": "2020-09-08T22:53:07.797Z", "fecha_entrada": "2020-10-01", "fecha_salida": "2020-10-31", "costo_alojamiento": 3000000, "estado": "Confirmado"}}, {"model": "reserva.reserva", "pk": 22, "fields": {"id_habitacion_fk": 1, "id_empleado_fk": null, "id_cliente_fk": 11, "fecha_reserva": "2020-09-08T23:13:50.136Z", "fecha_entrada": "2020-09-08", "fecha_salida": "2020-09-09", "costo_alojamiento": 120000, "estado": "Anulado"}}, {"model": "reserva.reserva", "pk": 23, "fields": {"id_habitacion_fk": 3, "id_empleado_fk": 1, "id_cliente_fk": 4, "fecha_reserva": "2020-09-09T00:42:02.595Z", "fecha_entrada": "2020-09-08", "fecha_salida": "2020-09-12", "costo_alojamiento": 560000, "estado": "Anulado"}}, {"model": "reserva.reserva", "pk": 24, "fields": {"id_habitacion_fk": 1, "id_empleado_fk": null, "id_cliente_fk": 11, "fecha_reserva": "2020-09-09T00:55:59.604Z", "fecha_entrada": "2020-09-08", "fecha_salida": "2020-09-10", "costo_alojamiento": 240000, "estado": "Anulado"}}, {"model": "reserva.reserva", "pk": 25, "fields": {"id_habitacion_fk": 1, "id_empleado_fk": null, "id_cliente_fk": 11, "fecha_reserva": "2020-09-17T21:10:35.532Z", "fecha_entrada": "2020-09-17", "fecha_salida": "2020-09-19", "costo_alojamiento": 240000, "estado": "Finalizado"}}, {"model": "reserva.reserva", "pk": 26, "fields": {"id_habitacion_fk": 1, "id_empleado_fk": null, "id_cliente_fk": 11, "fecha_reserva": "2020-09-29T22:19:12.599Z", "fecha_entrada": "2020-09-29", "fecha_salida": "2020-09-30", "costo_alojamiento": 120000, "estado": "Finalizado"}}, {"model": "reserva.reserva", "pk": 27, "fields": {"id_habitacion_fk": 3, "id_empleado_fk": null, "id_cliente_fk": 11, "fecha_reserva": "2020-09-30T01:27:35.707Z", "fecha_entrada": "2020-09-29", "fecha_salida": "2020-09-30", "costo_alojamiento": 140000, "estado": "Finalizado"}}, {"model": "reserva.reserva", "pk": 28, "fields": {"id_habitacion_fk": 1, "id_empleado_fk": null, "id_cliente_fk": 11, "fecha_reserva": "2020-10-01T00:39:57.248Z", "fecha_entrada": "2020-09-30", "fecha_salida": "2020-10-02", "costo_alojamiento": 240000, "estado": "Finalizado"}}, {"model": "reserva.reserva", "pk": 29, "fields": {"id_habitacion_fk": 2, "id_empleado_fk": null, "id_cliente_fk": 11, "fecha_reserva": "2020-10-01T00:45:58.936Z", "fecha_entrada": "2020-09-30", "fecha_salida": "2020-10-02", "costo_alojamiento": 250000, "estado": "Finalizado"}}, {"model": "reserva.reserva", "pk": 30, "fields": {"id_habitacion_fk": 3, "id_empleado_fk": null, "id_cliente_fk": 11, "fecha_reserva": "2020-10-01T00:46:38.282Z", "fecha_entrada": "2020-09-30", "fecha_salida": "2020-10-02", "costo_alojamiento": 280000, "estado": "Confirmado"}}, {"model": "reserva.reserva", "pk": 31, "fields": {"id_habitacion_fk": 4, "id_empleado_fk": null, "id_cliente_fk": 11, "fecha_reserva": "2020-10-01T00:46:59.223Z", "fecha_entrada": "2020-09-30", "fecha_salida": "2020-10-02", "costo_alojamiento": 290000, "estado": "Confirmado"}}, {"model": "reserva.reserva", "pk": 32, "fields": {"id_habitacion_fk": 7, "id_empleado_fk": 1, "id_cliente_fk": 6, "fecha_reserva": "2020-10-02T04:41:36.721Z", "fecha_entrada": "2020-10-02", "fecha_salida": "2020-10-04", "costo_alojamiento": 240000, "estado": "Confirmado"}}, {"model": "reserva.detalleventaprod", "pk": 2, "fields": {"id_reserva_fk": 1, "id_producto_fk": 2, "cantidad": 16.0, "unidades": 1.0, "precio": 5000, "obs": null, "descuento": null}}, {"model": "reserva.detalleventaprod", "pk": 4, "fields": {"id_reserva_fk": 1, "id_producto_fk": 1, "cantidad": 8.0, "unidades": 1.0, "precio": 2500, "obs": null, "descuento": null}}, {"model": "reserva.detalleventaprod", "pk": 5, "fields": {"id_reserva_fk": 3, "id_producto_fk": 1, "cantidad": 2.0, "unidades": 1.0, "precio": 2500, "obs": null, "descuento": null}}, {"model": "reserva.detalleventaprod", "pk": 6, "fields": {"id_reserva_fk": 6, "id_producto_fk": 1, "cantidad": 6.0, "unidades": 1.0, "precio": 2500, "obs": null, "descuento": null}}, {"model": "reserva.detalleventaprod", "pk": 7, "fields": {"id_reserva_fk": 6, "id_producto_fk": 2, "cantidad": 1.0, "unidades": 1.0, "precio": 5000, "obs": null, "descuento": null}}, {"model": "reserva.detalleventaprod", "pk": 8, "fields": {"id_reserva_fk": 8, "id_producto_fk": 1, "cantidad": 14.0, "unidades": 1.0, "precio": 2500, "obs": null, "descuento": null}}, {"model": "reserva.detalleventaprod", "pk": 9, "fields": {"id_reserva_fk": 8, "id_producto_fk": 2, "cantidad": 4.0, "unidades": 1.0, "precio": 5000, "obs": null, "descuento": null}}, {"model": "reserva.detalleventaprod", "pk": 11, "fields": {"id_reserva_fk": 17, "id_producto_fk": 2, "cantidad": 3.0, "unidades": 1.0, "precio": 5000, "obs": null, "descuento": null}}, {"model": "reserva.detalleventaprod", "pk": 12, "fields": {"id_reserva_fk": 17, "id_producto_fk": 1, "cantidad": 1.0, "unidades": 1.0, "precio": 2500, "obs": null, "descuento": null}}, {"model": "reserva.detalleventaprod", "pk": 13, "fields": {"id_reserva_fk": 19, "id_producto_fk": 1, "cantidad": 2.0, "unidades": 1.0, "precio": 2500, "obs": null, "descuento": null}}, {"model": "reserva.detalleventaprod", "pk": 14, "fields": {"id_reserva_fk": 20, "id_producto_fk": 1, "cantidad": 4.0, "unidades": 1.0, "precio": 2500, "obs": null, "descuento": null}}, {"model": "reserva.detalleventaprod", "pk": 15, "fields": {"id_reserva_fk": 20, "id_producto_fk": 2, "cantidad": 1.0, "unidades": 1.0, "precio": 5000, "obs": null, "descuento": null}}, {"model": "reserva.detalleventaprod", "pk": 22, "fields": {"id_reserva_fk": 21, "id_producto_fk": 1, "cantidad": 2.0, "unidades": 1.0, "precio": 2500, "obs": null, "descuento": null}}, {"model": "reserva.detalleventaprod", "pk": 23, "fields": {"id_reserva_fk": 21, "id_producto_fk": 2, "cantidad": 2.0, "unidades": 1.0, "precio": 5000, "obs": null, "descuento": null}}, {"model": "reserva.detalleventaprod", "pk": 24, "fields": {"id_reserva_fk": 32, "id_producto_fk": 8, "cantidad": 1.0, "unidades": 1.0, "precio": 5000, "obs": null, "descuento": null}}, {"model": "reserva.pago", "pk": 1, "fields": {"id_reserva": 8, "total_pago": 200000, "fecha_pago": "2020-02-25T23:05:18.934Z"}}, {"model": "reserva.pago", "pk": 2, "fields": {"id_reserva": 13, "total_pago": 100000, "fecha_pago": "2020-02-25T23:32:31.884Z"}}, {"model": "reserva.pago", "pk": 3, "fields": {"id_reserva": 13, "total_pago": 60000, "fecha_pago": "2020-02-26T00:40:51.885Z"}}, {"model": "reserva.pago", "pk": 4, "fields": {"id_reserva": 13, "total_pago": 100000, "fecha_pago": "2020-02-26T00:45:19.499Z"}}, {"model": "reserva.pago", "pk": 6, "fields": {"id_reserva": 13, "total_pago": 10000, "fecha_pago": "2020-02-26T01:12:40.179Z"}}, {"model": "reserva.pago", "pk": 7, "fields": {"id_reserva": 13, "total_pago": 90000, "fecha_pago": "2020-02-26T01:13:38.074Z"}}, {"model": "reserva.pago", "pk": 8, "fields": {"id_reserva": 19, "total_pago": 100000, "fecha_pago": "2020-09-08T18:00:37.085Z"}}, {"model": "reserva.pago", "pk": 9, "fields": {"id_reserva": 20, "total_pago": 100000, "fecha_pago": "2020-09-09T00:48:49.066Z"}}, {"model": "reserva.pago", "pk": 10, "fields": {"id_reserva": 21, "total_pago": 15000, "fecha_pago": "2020-10-02T03:50:29.852Z"}}, {"model": "reserva.pago", "pk": 11, "fields": {"id_reserva": 28, "total_pago": 240000, "fecha_pago": "2020-10-02T06:10:02.897Z"}}, {"model": "reserva.pago", "pk": 12, "fields": {"id_reserva": 29, "total_pago": 250000, "fecha_pago": "2020-10-02T06:15:30.643Z"}}]