,state,country,lat,long,1/22/20,1/23/20,1/24/20,1/25/20,1/26/20,1/27/20,1/28/20,1/29/20,1/30/20,1/31/20,2/1/20,2/2/20,2/3/20,2/4/20,2/5/20,2/6/20,2/7/20,2/8/20,2/9/20,2/10/20,2/11/20,2/12/20,2/13/20,2/14/20,2/15/20,2/16/20,2/17/20,2/18/20,2/19/20,2/20/20,2/21/20,2/22/20,2/23/20,2/24/20,2/25/20,2/26/20,2/27/20,2/28/20,2/29/20,3/1/20,3/2/20,3/3/20,3/4/20,3/5/20,3/6/20,3/7/20,3/8/20,3/9/20,3/10/20,3/11/20,3/12/20,3/13/20,3/14/20,3/15/20,3/16/20,3/17/20,3/18/20,3/19/20,3/20/20,3/21/20,3/22/20,3/23/20,3/24/20,3/25/20,3/26/20,3/27/20,3/28/20,3/29/20,3/30/20,3/31/20,4/1/20,4/2/20,4/3/20,4/4/20,4/5/20,4/6/20,4/7/20,4/8/20,4/9/20,4/10/20,4/11/20,4/12/20,4/13/20,4/14/20,4/15/20,4/16/20,4/17/20,4/18/20,4/19/20,4/20/20,4/21/20,4/22/20,4/23/20,4/24/20,4/25/20,4/26/20,4/27/20,4/28/20,4/29/20,4/30/20,5/1/20,5/2/20,5/3/20
0,,Afghanistan,33.0,65.0,0,0,0,0,0,0,0,0,0,0,0,0,0,0,0,0,0,0,0,0,0,0,0,0,0,0,0,0,0,0,0,0,0,1,1,1,1,1,1,1,1,1,1,1,1,1,4,4,5,7,7,7,11,16,20,21,21,21,23,23,38,38,72,80,88,104,104,114,164,165,228,257,265,282,327,338,391,401,437,474,505,557,612,651,716,756,777,791,832,855,906,970,1058,1120,1228,1274,1426,1542,1627,1847,1957,2066,2274
1,,Albania,41.1533,20.1683,0,0,0,0,0,0,0,0,0,0,0,0,0,0,0,0,0,0,0,0,0,0,0,0,0,0,0,0,0,0,0,0,0,0,0,0,0,0,0,0,0,0,0,0,0,0,0,2,10,11,22,32,37,41,50,54,57,62,68,72,85,98,108,124,151,147,156,169,168,176,177,185,198,214,237,240,230,224,221,211,213,206,212,203,218,215,230,220,222,231,238,251,251,257,282,288,286,289,281,272,263,239,233
2,,Algeria,28.0339,1.6596,0,0,0,0,0,0,0,0,0,0,0,0,0,0,0,0,0,0,0,0,0,0,0,0,0,0,0,0,0,0,0,0,0,0,1,1,1,1,1,1,3,5,12,12,17,17,19,20,20,20,15,16,22,32,38,44,55,46,47,92,119,148,221,216,313,354,394,449,512,626,728,839,1004,1031,1078,1160,1162,1130,1084,1100,1090,1030,1069,1053,1116,1137,1208,1273,1207,1235,1267,1304,1245,1304,1358,1449,1527,1561,1702,1777,1880,1964,2075
3,,Andorra,42.5063,1.5218,0,0,0,0,0,0,0,0,0,0,0,0,0,0,0,0,0,0,0,0,0,0,0,0,0,0,0,0,0,0,0,0,0,0,0,0,0,0,0,0,1,1,1,1,1,1,1,1,1,1,0,1,0,0,1,38,38,52,74,87,111,131,162,186,220,263,304,327,352,354,366,403,407,428,457,473,484,489,500,504,504,481,489,500,471,471,470,464,442,432,398,377,353,347,354,354,318,304,278,235,234,231,210
4,,Angola,-11.2027,17.8739,0,0,0,0,0,0,0,0,0,0,0,0,0,0,0,0,0,0,0,0,0,0,0,0,0,0,0,0,0,0,0,0,0,0,0,0,0,0,0,0,0,0,0,0,0,0,0,0,0,0,0,0,0,0,0,0,0,0,1,2,2,3,3,3,4,4,5,5,5,4,5,5,5,6,10,12,13,15,15,15,13,13,13,12,12,12,12,16,16,16,16,17,17,17,17,18,19,19,18,18,17,22,22
5,,Antigua and Barbuda,17.0608,-61.7964,0,0,0,0,0,0,0,0,0,0,0,0,0,0,0,0,0,0,0,0,0,0,0,0,0,0,0,0,0,0,0,0,0,0,0,0,0,0,0,0,0,0,0,0,0,0,0,0,0,0,0,1,1,1,1,1,1,1,1,1,1,3,3,3,7,7,7,7,7,7,7,9,15,15,15,15,18,17,17,17,19,19,21,18,18,17,17,17,17,17,13,11,11,10,10,10,10,10,10,10,7,7,7
6,,Argentina,-38.4161,-63.6167,0,0,0,0,0,0,0,0,0,0,0,0,0,0,0,0,0,0,0,0,0,0,0,0,0,0,0,0,0,0,0,0,0,0,0,0,0,0,0,0,0,1,1,1,2,8,11,11,16,18,18,29,31,42,53,63,74,91,122,151,259,294,329,327,430,504,600,654,569,787,778,841,960,1129,1127,1181,1234,1294,1358,1518,1452,1584,1596,1616,1736,1825,1880,1944,1998,2068,2044,2120,2351,2455,2565,2593,2666,2758,2879,2954,3015,3124,3183
7,,Armenia,40.0691,45.0382,0,0,0,0,0,0,0,0,0,0,0,0,0,0,0,0,0,0,0,0,0,0,0,0,0,0,0,0,0,0,0,0,0,0,0,0,0,0,0,1,1,1,1,1,1,1,1,1,1,1,4,8,18,26,52,77,83,114,135,159,192,233,235,249,271,300,376,391,449,499,536,623,686,720,758,763,758,758,773,776,781,803,814,786,797,783,780,705,726,737,768,816,840,841,846,885,931,971,1002,1105,1138,1230,1316
8,Australian Capital Territory,Australia,-35.4735,149.0124,0,0,0,0,0,0,0,0,0,0,0,0,0,0,0,0,0,0,0,0,0,0,0,0,0,0,0,0,0,0,0,0,0,0,0,0,0,0,0,0,0,0,0,0,0,0,0,0,0,0,0,1,1,1,2,2,3,4,6,9,19,32,39,39,52,61,69,75,75,76,75,75,72,73,66,54,54,57,51,42,42,42,41,29,28,18,19,12,12,10,9,8,8,5,5,4,3,2,2,0,0,0,0
9,New South Wales,Australia,-33.8688,151.2093,0,0,0,0,3,4,4,4,2,2,2,2,2,2,2,2,2,2,2,2,2,2,0,0,0,0,0,0,0,0,0,0,0,0,0,0,0,0,0,2,2,9,17,17,21,23,32,42,49,59,59,86,106,128,165,202,258,298,343,426,659,659,807,1018,1208,1394,1605,1779,2020,2020,2169,2284,2373,2477,2560,2615,2661,2709,2748,2796,2830,2829,2834,2841,2857,2868,1521,1531,1552,1558,1188,1019,939,893,768,760,743,711,692,691,696,687,663
10,Northern Territory,Australia,-12.4634,130.8456,0,0,0,0,0,0,0,0,0,0,0,0,0,0,0,0,0,0,0,0,0,0,0,0,0,0,0,0,0,0,0,0,0,0,0,0,0,0,0,0,0,0,1,1,0,0,0,0,1,1,1,1,1,1,1,1,1,1,3,3,5,5,6,6,12,12,15,15,15,17,19,21,22,25,26,26,26,26,26,26,26,26,26,22,22,22,19,19,19,16,13,12,12,8,5,5,5,3,3,3,3,5,5
11,Queensland,Australia,-28.0167,153.4,0,0,0,0,0,0,0,1,3,2,3,2,2,3,3,4,5,5,5,5,5,5,5,5,5,5,5,5,5,5,4,4,4,4,4,4,4,4,8,8,8,10,10,5,5,5,7,7,10,12,12,27,38,53,60,70,86,136,176,213,251,311,389,435,484,546,616,646,679,733,771,823,861,888,895,744,757,766,604,589,597,606,610,551,552,554,560,271,275,275,280,280,282,282,217,98,101,94,84,79,63,53,52
12,South Australia,Australia,-34.9285,138.6007,0,0,0,0,0,0,0,0,0,0,1,2,2,2,2,2,2,2,2,2,2,2,2,2,2,2,0,0,0,0,0,0,0,0,0,0,0,0,1,1,1,1,3,3,5,5,5,5,5,7,7,13,16,17,26,26,34,39,47,64,97,131,167,164,229,251,281,293,299,331,361,361,350,361,361,358,357,360,297,246,247,246,246,189,189,150,100,100,100,62,57,46,40,33,32,23,20,14,14,14,12,7,7
13,Tasmania,Australia,-41.4545,145.9707,0,0,0,0,0,0,0,0,0,0,0,0,0,0,0,0,0,0,0,0,0,0,0,0,0,0,0,0,0,0,0,0,0,0,0,0,0,0,0,0,1,1,1,1,1,1,2,2,2,3,3,5,5,6,7,7,10,7,7,13,19,25,25,33,44,44,57,61,61,63,62,65,67,73,75,58,61,69,60,70,81,80,91,106,106,96,106,114,121,122,120,121,108,92,80,78,71,70,63,55,51,50,44
14,Victoria,Australia,-37.8136,144.9631,0,0,0,0,1,1,1,1,2,3,4,4,4,4,4,4,4,4,4,4,4,4,0,0,0,0,0,0,0,0,0,0,0,0,0,0,0,0,3,3,5,5,6,3,3,4,4,8,11,14,14,28,41,49,63,86,113,113,113,221,285,285,314,369,368,400,491,574,626,622,621,609,602,580,554,528,560,580,480,302,325,328,341,159,167,148,129,133,142,119,120,79,70,73,68,67,52,49,52,53,53,66,88
15,Western Australia,Australia,-31.9505,115.8605,0,0,0,0,0,0,0,0,0,0,0,0,0,0,0,0,0,0,0,0,0,0,0,0,0,0,0,0,0,0,0,0,0,0,0,0,0,0,2,1,1,1,1,2,2,2,2,3,5,8,8,13,16,16,27,30,34,51,63,89,119,139,174,173,228,228,248,281,312,321,342,334,306,342,358,294,294,313,319,297,292,292,295,270,270,188,194,197,198,103,96,88,81,76,63,55,55,47,36,36,32,23,19
16,,Austria,47.5162,14.5501,0,0,0,0,0,0,0,0,0,0,0,0,0,0,0,0,0,0,0,0,0,0,0,0,0,0,0,0,0,0,0,0,0,0,2,2,3,3,9,14,18,21,29,41,55,79,104,129,178,242,297,497,648,853,1009,1328,1633,1998,2373,2797,3557,4444,5246,5549,6748,7374,7978,8223,8874,8957,9129,9222,9334,9088,8849,8614,8350,8157,7709,7172,6865,6608,6330,6209,5845,5080,4460,4014,3796,3694,3411,3087,2786,2669,2509,2401,2363,2208,2043,1961,1832,1782,1771
17,,Azerbaijan,40.1431,47.5769,0,0,0,0,0,0,0,0,0,0,0,0,0,0,0,0,0,0,0,0,0,0,0,0,0,0,0,0,0,0,0,0,0,0,0,0,0,0,0,3,3,3,3,6,6,9,9,9,11,8,8,11,11,16,21,21,21,37,37,41,54,61,76,81,104,147,163,190,243,267,328,369,406,484,545,590,665,751,816,822,847,837,847,833,836,808,797,765,667,626,595,591,580,558,516,485,494,474,476,455,464,458,466
18,,Bahamas,25.0343,-77.3963,0,0,0,0,0,0,0,0,0,0,0,0,0,0,0,0,0,0,0,0,0,0,0,0,0,0,0,0,0,0,0,0,0,0,0,0,0,0,0,0,0,0,0,0,0,0,0,0,0,0,0,0,0,0,1,1,1,3,3,4,4,4,4,4,8,9,9,10,13,13,19,22,22,24,24,20,22,28,28,29,33,33,33,35,35,39,39,36,36,40,44,44,47,47,52,47,47,46,46,45,46,48,48
19,,Bahrain,26.0275,50.55,0,0,0,0,0,0,0,0,0,0,0,0,0,0,0,0,0,0,0,0,0,0,0,0,0,0,0,0,0,0,0,0,0,1,23,33,33,36,41,47,49,49,52,55,56,81,81,81,88,160,160,151,166,154,136,146,167,177,184,179,183,226,212,238,250,235,207,223,232,268,228,258,286,261,265,294,348,341,363,380,479,572,764,876,1001,990,1008,1011,1115,1131,1182,994,1127,1397,1420,1450,1497,1493,1458,1532,1607,1708,1657
20,,Bangladesh,23.685,90.3563,0,0,0,0,0,0,0,0,0,0,0,0,0,0,0,0,0,0,0,0,0,0,0,0,0,0,0,0,0,0,0,0,0,0,0,0,0,0,0,0,0,0,0,0,0,0,3,3,3,3,3,3,3,5,6,7,10,13,16,20,22,27,30,27,28,32,28,28,25,21,23,25,29,32,46,78,114,165,276,364,416,548,722,924,1132,1463,1705,1994,2290,2762,3185,3560,3951,4446,4745,5149,5630,6168,6790,7339,7894,8438,8215
21,,Barbados,13.1939,-59.5432,0,0,0,0,0,0,0,0,0,0,0,0,0,0,0,0,0,0,0,0,0,0,0,0,0,0,0,0,0,0,0,0,0,0,0,0,0,0,0,0,0,0,0,0,0,0,0,0,0,0,0,0,0,0,0,2,2,5,5,6,14,17,18,18,18,24,26,33,33,34,34,46,51,52,49,52,54,52,52,52,53,56,55,55,53,55,55,53,53,51,45,45,40,40,42,34,35,35,34,35,35,30,31
22,,Belarus,53.7098,27.9534,0,0,0,0,0,0,0,0,0,0,0,0,0,0,0,0,0,0,0,0,0,0,0,0,0,0,0,0,0,0,0,0,0,0,0,0,0,1,1,1,1,1,6,6,6,6,6,5,6,6,9,24,24,24,33,33,46,46,64,61,61,66,59,57,57,62,62,62,120,104,108,247,294,382,502,634,794,976,1331,1793,2031,2349,2687,3045,3489,3961,4395,4392,4238,5699,6091,6454,7024,7590,7950,8696,9474,10136,11025,11552,11906,12614,13410
23,,Belgium,50.8333,4.0,0,0,0,0,0,0,0,0,0,0,0,0,0,1,1,1,1,1,1,1,1,1,1,1,1,1,0,0,0,0,0,0,0,0,0,0,0,0,0,1,7,12,22,49,108,168,199,238,266,310,310,555,684,881,1052,1232,1441,1743,2219,2485,3063,3392,3686,4212,5340,6137,7718,9046,9859,10374,11004,11842,12755,13901,14493,15196,16002,16482,17296,18080,18686,19584,19979,20094,22026,22390,23014,23382,24056,25260,25956,26194,26507,27492,27991,28255,28602,29060,29075,29349,29437,29541,29753
24,,Benin,9.3077,2.3158,0,0,0,0,0,0,0,0,0,0,0,0,0,0,0,0,0,0,0,0,0,0,0,0,0,0,0,0,0,0,0,0,0,0,0,0,0,0,0,0,0,0,0,0,0,0,0,0,0,0,0,0,0,0,1,1,2,2,2,2,2,5,6,6,6,6,6,6,6,8,12,12,14,14,17,20,20,20,20,29,29,29,29,16,16,16,16,16,16,26,26,26,26,26,26,30,30,30,30,30,46,46,46
25,,Bhutan,27.5142,90.4336,0,0,0,0,0,0,0,0,0,0,0,0,0,0,0,0,0,0,0,0,0,0,0,0,0,0,0,0,0,0,0,0,0,0,0,0,0,0,0,0,0,0,0,0,1,1,1,1,1,1,1,1,1,1,1,1,1,1,2,2,2,2,2,2,2,3,3,4,4,4,4,4,3,3,3,3,3,3,3,3,3,3,3,3,3,3,3,3,3,3,4,4,4,4,4,3,3,2,2,2,2,2,2
26,,Bolivia,-16.2902,-63.5887,0,0,0,0,0,0,0,0,0,0,0,0,0,0,0,0,0,0,0,0,0,0,0,0,0,0,0,0,0,0,0,0,0,0,0,0,0,0,0,0,0,0,0,0,0,0,0,0,0,2,2,3,10,10,11,11,12,12,15,19,24,27,29,32,43,61,74,80,93,101,107,114,122,128,145,170,178,193,244,247,253,274,301,320,362,398,408,431,457,500,527,528,616,709,766,820,863,863,934,934,1029,1029,1352
27,,Bosnia and Herzegovina,43.9159,17.6791,0,0,0,0,0,0,0,0,0,0,0,0,0,0,0,0,0,0,0,0,0,0,0,0,0,0,0,0,0,0,0,0,0,0,0,0,0,0,0,0,0,0,0,2,2,3,3,3,5,7,11,13,18,24,25,24,36,61,87,90,123,133,161,171,186,228,248,309,341,390,427,497,535,573,601,598,663,691,722,736,770,777,792,807,816,847,848,883,890,879,854,855,874,828,837,833,846,840,902,961,956,988,955
28,,Brazil,-14.235,-51.9253,0,0,0,0,0,0,0,0,0,0,0,0,0,0,0,0,0,0,0,0,0,0,0,0,0,0,0,0,0,0,0,0,0,0,0,1,1,1,2,2,2,2,4,4,13,13,20,25,31,38,52,151,151,162,199,318,367,613,780,1004,1519,1888,2199,2493,2902,3319,3787,4114,4300,5389,6469,7593,8570,9788,10517,11470,13221,15224,16969,18408,19430,20796,21929,20684,12558,14475,17515,20278,14062,16026,17347,17533,20132,22684,26107,28662,31701,35608,40040,45246,47751,49402,51784
29,,Brunei,4.5353,114.7277,0,0,0,0,0,0,0,0,0,0,0,0,0,0,0,0,0,0,0,0,0,0,0,0,0,0,0,0,0,0,0,0,0,0,0,0,0,0,0,0,0,0,0,0,0,0,0,1,1,11,11,37,40,50,54,56,68,75,77,81,86,89,102,107,109,104,94,91,88,83,78,76,68,68,61,52,49,43,42,36,31,29,28,28,27,27,23,23,22,21,21,20,18,17,16,14,13,13,13,13,13,11,9
30,,Bulgaria,42.7339,25.4858,0,0,0,0,0,0,0,0,0,0,0,0,0,0,0,0,0,0,0,0,0,0,0,0,0,0,0,0,0,0,0,0,0,0,0,0,0,0,0,0,0,0,0,0,0,0,4,4,4,6,6,22,39,49,50,65,90,91,124,157,181,195,212,235,253,281,313,324,334,374,392,422,441,452,474,488,512,527,546,556,571,578,582,597,606,640,664,684,691,719,760,801,855,983,995,1039,1099,1119,1140,1174,1211,1235,1237
31,,Burkina Faso,12.2383,-1.5616,0,0,0,0,0,0,0,0,0,0,0,0,0,0,0,0,0,0,0,0,0,0,0,0,0,0,0,0,0,0,0,0,0,0,0,0,0,0,0,0,0,0,0,0,0,0,0,0,1,2,2,2,2,3,15,15,19,32,39,57,66,90,103,132,135,159,175,187,203,215,220,222,236,236,238,238,238,257,273,273,302,309,309,321,284,257,228,208,202,186,200,181,165,163,146,137,124,120,100,96,88,73,77
32,,Cabo Verde,16.5388,-23.0418,0,0,0,0,0,0,0,0,0,0,0,0,0,0,0,0,0,0,0,0,0,0,0,0,0,0,0,0,0,0,0,0,0,0,0,0,0,0,0,0,0,0,0,0,0,0,0,0,0,0,0,0,0,0,0,0,0,0,1,3,3,3,2,3,3,4,4,5,5,5,5,5,5,6,6,5,5,5,5,5,6,6,8,9,54,54,54,56,59,65,66,71,80,86,88,104,107,111,111,116,103,132,130
33,,Cambodia,11.55,104.9167,0,0,0,0,0,1,1,1,1,1,1,1,1,1,1,1,1,1,1,1,1,0,0,0,0,0,0,0,0,0,0,0,0,0,0,0,0,0,0,0,0,0,0,0,0,0,1,1,1,2,2,4,6,6,6,32,34,36,50,52,83,86,87,86,86,88,86,82,86,86,84,76,79,64,64,61,57,54,57,47,45,45,45,31,26,24,24,19,17,15,12,12,12,5,5,5,3,3,3,3,2,2,2
34,,Cameroon,3.8480000000000003,11.5021,0,0,0,0,0,0,0,0,0,0,0,0,0,0,0,0,0,0,0,0,0,0,0,0,0,0,0,0,0,0,0,0,0,0,0,0,0,0,0,0,0,0,0,0,1,1,2,2,2,2,2,2,2,2,4,10,10,13,20,27,40,56,66,72,72,87,87,128,128,182,217,289,484,529,624,632,606,660,660,710,710,710,710,704,666,810,810,818,670,816,791,723,623,719,768,779,842,732,837,837,837,1060,1060
46,,Central African Republic,6.6111,20.9394,0,0,0,0,0,0,0,0,0,0,0,0,0,0,0,0,0,0,0,0,0,0,0,0,0,0,0,0,0,0,0,0,0,0,0,0,0,0,0,0,0,0,0,0,0,0,0,0,0,0,0,0,0,1,1,1,1,1,3,3,3,3,3,3,3,3,3,3,3,3,3,3,8,8,8,8,8,8,8,8,8,8,8,7,8,8,8,8,8,8,4,4,6,6,6,9,9,40,40,40,62,62,62
47,,Chad,15.4542,18.7322,0,0,0,0,0,0,0,0,0,0,0,0,0,0,0,0,0,0,0,0,0,0,0,0,0,0,0,0,0,0,0,0,0,0,0,0,0,0,0,0,0,0,0,0,0,0,0,0,0,0,0,0,0,0,0,0,0,1,1,1,1,1,3,3,3,3,3,3,5,7,7,8,8,9,9,9,8,8,9,9,9,16,21,21,21,22,22,25,25,25,25,25,25,32,31,31,31,31,31,35,35,68,68
48,,Chile,-35.6751,-71.543,0,0,0,0,0,0,0,0,0,0,0,0,0,0,0,0,0,0,0,0,0,0,0,0,0,0,0,0,0,0,0,0,0,0,0,0,0,0,0,0,0,1,1,4,4,4,8,8,13,23,23,43,61,74,155,201,238,238,428,531,623,736,903,1117,1280,1562,1842,2057,2285,2570,2781,3051,3288,3606,3819,4050,4175,4383,4641,4865,4990,5074,5076,5179,5242,5403,5515,5569,5617,5692,5716,5750,5840,5805,5931,6118,6288,6448,6612,7216,7756,8616,9362
49,Anhui,China,31.8257,117.2264,1,9,15,39,60,70,106,150,198,234,292,333,394,460,507,557,618,674,706,739,751,758,748,735,723,701,687,615,567,507,443,386,346,320,271,239,191,163,116,111,67,48,28,14,5,5,0,0,0,0,0,0,0,0,0,0,0,0,0,0,0,0,0,0,0,0,0,0,0,0,0,0,0,0,0,0,0,0,1,1,1,1,1,1,1,1,1,1,1,1,1,1,1,0,0,0,0,0,0,0,0,0,0
50,Beijing,China,40.1824,116.4142,14,22,35,39,66,77,86,106,109,133,158,181,199,204,228,242,263,279,287,291,291,293,294,289,273,268,263,261,244,238,223,217,206,197,181,161,157,146,132,129,124,118,113,113,115,115,112,105,101,101,93,86,80,81,84,79,83,92,93,100,114,129,149,150,152,153,155,157,154,154,154,150,142,139,137,136,131,125,116,111,107,102,97,90,87,82,76,76,75,71,69,67,61,60,60,59,48,46,42,37,37,37,31
51,Chongqing,China,30.0572,107.874,6,9,27,57,75,110,132,146,181,210,243,291,326,355,372,385,393,387,415,418,423,413,397,380,355,339,323,296,281,262,250,239,234,221,198,186,169,148,132,120,101,80,68,58,57,44,43,28,23,16,6,4,1,0,0,0,0,0,0,0,1,2,2,2,2,2,2,3,3,3,3,3,3,3,3,3,3,3,3,3,3,3,3,3,3,3,3,3,3,3,3,3,0,0,0,0,0,0,0,0,0,0,0
52,Fujian,China,26.0789,117.9874,1,5,10,18,35,59,80,84,101,120,144,159,178,191,194,201,204,215,215,222,222,219,222,218,214,205,200,199,181,166,143,130,122,109,94,75,67,60,52,48,40,35,25,18,11,0,0,0,0,0,0,0,0,0,0,0,0,0,3,7,17,17,22,26,32,35,41,42,44,47,46,45,48,48,46,44,45,42,42,39,33,30,26,23,21,19,19,18,15,15,13,12,8,5,5,5,5,2,1,2,2,2,2
53,Gansu,China,37.8099,101.0583,0,2,2,4,7,14,19,24,26,29,40,48,52,53,56,56,58,66,65,64,60,54,49,49,39,34,31,27,24,18,13,13,11,9,9,8,8,7,7,5,4,3,2,13,30,31,35,34,35,37,37,37,38,40,40,40,40,41,34,19,20,20,15,15,13,11,9,11,11,11,9,9,9,5,5,5,5,4,2,2,2,2,2,1,1,0,0,0,0,0,0,0,0,0,0,0,0,0,0,0,0,0,0
54,Guangdong,China,23.3417,113.4244,26,30,51,76,109,147,203,272,344,425,521,617,704,783,846,901,945,982,989,991,964,943,925,897,882,849,794,759,720,685,638,606,581,553,518,489,450,406,359,326,284,242,210,163,129,108,89,84,71,66,59,52,49,48,47,49,49,52,64,67,76,75,87,89,104,111,118,118,125,130,136,134,138,130,129,129,124,117,108,102,103,101,93,98,96,92,94,89,82,79,73,63,49,43,36,37,32,26,23,15,15,13,11
55,Guangxi,China,23.8298,108.7881,2,5,23,23,36,46,49,56,76,85,98,109,120,129,137,154,155,166,176,185,181,189,187,188,189,186,183,171,156,153,147,143,141,137,116,103,89,82,74,69,58,48,40,36,33,32,27,20,16,12,9,7,7,7,2,3,1,1,2,2,2,2,2,2,2,2,2,2,2,2,2,0,0,0,0,0,0,0,0,0,0,0,0,0,0,0,0,0,0,0,0,0,0,0,0,0,0,0,0,0,0,0,0
56,Guizhou,China,26.8154,106.8748,1,3,3,4,5,7,9,8,11,27,27,36,44,56,54,64,74,81,91,98,109,114,107,111,101,97,88,78,74,72,67,54,42,42,40,40,32,32,32,32,30,30,30,30,30,29,27,21,15,11,7,4,1,1,0,1,0,0,0,0,0,0,0,0,0,0,0,0,0,0,0,0,0,0,0,0,0,0,0,0,0,0,0,0,0,0,0,0,0,0,0,0,0,0,0,0,0,0,0,0,0,0,0
57,Hainan,China,19.1959,109.7453,4,5,8,19,22,32,39,42,44,50,60,59,67,74,93,97,105,108,109,116,121,126,123,112,119,106,100,80,80,78,69,60,57,47,39,34,32,30,15,14,12,8,5,4,4,4,3,3,3,3,2,2,2,2,1,1,1,1,1,1,1,1,-6,-6,-6,-6,-6,-6,-6,-6,-6,0,0,0,0,0,0,0,0,0,0,0,0,0,0,0,0,0,0,0,0,0,0,0,0,0,0,0,0,0,0,0,0
58,Hebei,China,39.549,116.1306,1,0,1,7,12,17,32,47,64,81,95,100,109,121,128,143,149,164,170,175,189,195,194,193,187,192,176,166,150,133,119,100,86,71,57,45,37,35,30,18,16,12,11,8,7,5,5,5,5,5,4,2,2,2,2,2,2,2,2,2,3,3,3,3,3,3,3,3,5,5,7,9,10,10,11,11,9,9,8,8,8,8,8,7,7,7,6,6,6,5,5,5,5,4,4,4,4,4,4,4,4,4,4
59,Heilongjiang,China,47.861999999999995,127.7615,0,2,3,8,14,20,32,37,42,57,76,91,117,149,181,216,262,277,287,294,324,339,353,361,346,355,361,342,338,328,292,263,246,241,225,219,197,184,166,125,111,101,94,89,72,65,56,38,34,33,28,23,22,16,14,13,10,10,8,8,5,6,3,3,2,2,2,2,2,2,2,6,7,9,22,42,62,86,126,155,178,201,257,336,358,377,388,407,413,420,425,429,430,409,411,367,340,339,339,344,326,327,274
60,Henan,China,33.882,113.61399999999999,5,5,9,32,82,127,167,203,274,347,417,481,548,646,715,793,825,861,874,876,880,881,863,816,808,778,721,716,670,609,512,421,384,309,250,219,184,140,81,52,45,19,16,11,6,6,3,3,3,2,2,2,1,1,1,1,1,1,1,1,2,2,2,2,3,3,2,3,3,3,3,3,3,3,3,2,2,2,2,2,2,1,1,0,0,0,0,0,0,0,0,0,0,0,0,0,0,0,0,0,0,0,0
61,Hong Kong,China,22.3,114.2,0,2,2,5,8,8,8,10,10,12,13,15,15,16,20,23,24,25,28,37,48,48,51,54,54,54,57,59,56,60,61,61,61,58,63,65,66,62,60,58,62,61,66,60,59,55,53,53,52,58,59,53,58,60,67,70,85,109,154,171,213,252,281,304,339,405,445,525,555,582,614,651,668,685,680,694,715,692,676,676,660,640,645,574,554,528,484,452,419,391,375,351,332,306,280,261,246,222,203,187,176,171,156
62,Hubei,China,30.9756,112.2707,399,399,494,689,964,1302,3349,3341,4651,5461,6736,10532,12722,15677,18483,20677,23139,24881,26965,28532,29659,29612,43437,48175,49030,49847,50338,50633,49665,48510,48637,46439,46395,45044,43252,41603,39572,36829,34617,32610,30366,28174,25904,23972,22628,21207,19486,18247,16993,15593,14407,13171,11755,10421,9557,8685,7751,6988,6285,5715,5214,4768,4317,3827,3431,2895,2526,2049,1726,1461,1283,1132,987,834,648,577,518,448,401,351,320,303,244,219,179,146,129,122,109,105,102,97,47,23,12,0,0,0,0,0,0,0,0
63,Hunan,China,27.6104,111.7088,4,9,24,43,69,100,143,221,275,330,381,447,499,562,607,630,660,646,651,670,664,640,627,622,574,537,505,476,443,372,346,317,298,281,244,229,209,183,168,148,127,108,98,76,59,54,46,35,24,19,15,9,0,0,0,0,0,0,0,0,0,0,0,0,0,0,0,0,0,0,0,1,1,1,1,1,1,1,1,1,1,1,1,1,1,1,1,0,0,0,0,0,0,0,0,0,0,0,0,0,0,0,0
64,Inner Mongolia,China,44.0935,113.9448,0,0,1,7,7,11,15,16,19,19,22,26,33,34,39,42,45,47,49,53,53,54,55,59,61,62,64,65,65,59,58,49,48,41,40,37,32,30,26,23,21,15,11,9,9,7,4,4,4,3,3,3,3,3,1,1,1,0,0,0,0,0,0,2,14,17,19,20,22,32,36,42,42,42,42,43,46,49,46,48,75,105,106,98,95,98,89,88,88,89,85,85,85,82,76,68,53,52,49,48,46,46,44
65,Jiangsu,China,32.9711,119.455,1,5,9,17,32,46,69,98,128,163,196,229,263,296,318,339,365,388,397,411,422,418,431,436,418,399,368,349,313,275,258,230,213,179,173,153,133,116,108,95,88,69,54,48,37,25,19,10,4,4,2,1,1,0,0,0,0,0,0,0,2,2,5,7,9,10,10,13,14,15,15,16,19,19,18,18,18,18,18,17,16,15,15,12,11,11,10,10,10,10,9,8,7,7,7,7,7,6,5,3,3,3,3
66,Jiangxi,China,27.614,115.7221,2,7,18,18,36,70,106,106,157,233,277,321,373,456,521,563,616,643,667,665,675,691,701,712,702,684,654,622,571,500,444,378,320,288,250,214,179,144,123,103,84,64,50,33,25,18,15,11,7,2,0,0,0,0,0,0,0,0,0,0,1,1,1,1,1,1,1,2,1,1,1,1,1,1,1,1,1,1,1,0,0,0,0,0,0,0,0,0,0,0,0,0,0,0,0,0,0,0,0,0,0,0,0
67,Jilin,China,43.6661,126.1923,0,1,3,4,4,6,8,9,13,13,16,22,30,41,52,55,60,64,65,66,62,60,59,60,61,58,54,52,52,47,45,38,36,32,29,27,25,19,17,14,9,9,6,4,2,2,2,1,1,1,1,1,1,1,0,0,0,0,0,0,0,0,0,1,2,2,4,5,5,5,5,5,5,5,5,5,5,4,4,2,1,2,3,3,5,5,4,4,6,6,8,7,8,9,9,10,10,10,11,9,9,9,8
68,Liaoning,China,41.2956,122.6085,2,3,4,17,21,27,34,38,40,47,63,69,73,79,85,89,92,97,95,95,92,95,94,89,87,80,77,67,65,61,59,54,47,40,37,32,27,27,24,18,18,18,18,18,18,17,15,15,13,13,12,12,11,10,9,4,2,2,2,2,1,1,1,1,2,2,6,8,10,13,14,15,15,14,14,12,12,11,10,10,10,7,7,5,5,3,4,2,2,1,1,1,1,1,1,1,1,1,1,1,0,0,0
69,Macau,China,22.1667,113.55,1,2,2,2,5,6,7,7,7,7,7,8,8,10,10,9,9,9,9,9,9,8,7,7,7,5,5,5,5,4,4,4,4,4,3,3,2,2,2,2,2,1,1,1,0,0,0,0,0,0,0,0,0,0,1,2,5,7,7,8,14,14,15,20,21,23,27,27,28,31,31,31,33,33,34,34,34,35,35,35,35,32,32,32,29,29,29,28,25,23,21,19,18,18,17,14,13,12,11,10,10,8,6
70,Ningxia,China,37.2692,106.1655,1,1,2,3,4,7,11,12,17,21,26,28,30,33,33,39,38,30,32,36,31,34,40,43,37,37,35,28,29,27,23,23,15,13,10,6,4,4,4,4,5,5,6,6,4,4,4,4,4,3,3,3,2,2,0,0,0,0,0,0,0,0,0,0,0,0,0,0,0,0,0,0,0,0,0,0,0,0,0,0,0,0,0,0,0,0,0,0,0,0,0,0,0,0,0,0,0,0,0,0,0,0,0
71,Qinghai,China,35.7452,95.9956,0,0,0,1,1,6,6,6,8,8,9,11,13,15,14,15,15,15,15,15,13,9,7,7,5,5,5,3,2,2,0,0,0,0,0,0,0,0,0,0,0,0,0,0,0,0,0,0,0,0,0,0,0,0,0,0,0,0,0,0,0,0,0,0,0,0,0,0,0,0,0,0,0,0,0,0,0,0,0,0,0,0,0,0,0,0,0,0,0,0,0,0,0,0,0,0,0,0,0,0,0,0,0
72,Shaanxi,China,35.1917,108.8701,0,3,5,15,22,35,46,56,63,87,101,116,128,140,159,164,167,175,183,183,187,182,183,176,172,165,161,151,140,126,110,95,81,71,58,52,49,45,37,36,28,28,21,20,18,18,17,17,17,12,11,11,11,11,10,7,6,6,7,6,6,6,6,7,8,8,8,8,8,8,10,10,8,8,8,7,7,7,7,7,5,5,5,5,2,2,1,1,1,1,21,23,23,30,30,30,30,50,50,49,49,48,40
73,Shandong,China,36.3427,118.1498,2,6,15,27,46,75,95,129,157,182,203,224,252,264,292,320,349,372,380,399,406,403,402,385,374,362,348,329,310,288,464,444,429,407,395,373,363,345,329,309,292,241,236,174,134,125,110,52,33,28,20,14,12,12,7,8,8,7,7,8,10,10,9,10,12,13,13,13,13,14,14,15,17,16,17,18,19,21,20,20,20,20,19,18,16,16,19,15,15,15,15,14,14,13,13,12,12,9,8,8,8,8,8
74,Shanghai,China,31.201999999999998,121.4491,9,16,19,32,38,49,61,90,106,125,158,171,192,206,227,231,246,244,248,250,250,253,252,227,201,187,171,155,145,133,121,105,83,71,65,62,58,55,47,44,42,41,37,33,33,26,25,24,22,21,20,19,26,26,27,30,32,34,42,50,72,71,80,98,115,129,146,153,155,163,169,173,172,167,142,141,126,118,123,113,110,154,165,143,130,132,109,109,107,101,101,98,101,76,77,67,56,54,43,46,33,33,33
75,Shanxi,China,37.5777,112.2922,1,1,1,6,9,13,27,26,34,38,46,63,72,77,76,84,89,94,94,94,94,93,90,89,82,79,77,70,63,56,54,51,44,39,35,29,26,21,19,17,14,9,9,7,7,7,7,6,2,2,1,0,0,0,0,0,0,0,0,0,0,1,1,1,2,2,2,3,3,3,4,4,4,4,5,5,5,29,32,34,37,37,38,38,51,59,62,62,62,62,57,57,55,48,43,40,37,37,33,25,25,21,18
76,Sichuan,China,30.6171,102.7103,5,8,15,28,44,69,90,106,140,175,203,219,239,267,276,289,301,303,314,324,331,343,346,348,350,347,336,336,323,300,291,273,262,248,237,221,210,197,184,170,149,141,129,111,94,82,72,70,58,48,38,33,25,20,20,17,12,1,2,3,4,4,6,8,8,9,9,11,11,11,12,14,15,16,16,16,16,16,16,11,10,10,9,9,7,5,5,5,4,4,4,2,0,0,0,0,0,0,0,0,0,0,0
77,Tianjin,China,39.3054,117.323,4,4,8,10,14,23,24,27,31,32,41,47,59,65,66,76,78,83,86,86,94,99,95,86,82,76,76,77,73,69,67,67,51,45,41,36,31,31,24,22,22,9,9,5,5,5,5,3,2,2,1,1,1,0,0,0,0,1,1,1,1,5,9,9,15,19,25,30,38,36,38,38,37,33,33,33,26,25,27,22,19,19,17,14,11,11,13,13,12,12,10,10,7,6,5,5,5,4,4,3,2,2,1
78,Tibet,China,31.6927,88.0924,0,0,0,0,0,0,0,0,1,1,1,1,1,1,1,1,1,1,1,1,1,0,0,0,0,0,0,0,0,0,0,0,0,0,0,0,0,0,0,0,0,0,0,0,0,0,0,0,0,0,0,0,0,0,0,0,0,0,0,0,0,0,0,0,0,0,0,0,0,0,0,0,0,0,0,0,0,0,0,0,0,0,0,0,0,0,0,0,0,0,0,0,0,0,0,0,0,0,0,0,0,0,0
79,Xinjiang,China,41.1129,85.2401,0,2,2,3,4,5,10,13,14,17,18,21,24,29,32,36,39,42,45,49,52,56,56,58,59,58,62,63,55,53,51,49,46,44,44,40,31,21,11,9,7,5,4,3,2,1,0,0,0,0,0,0,0,0,0,0,0,0,0,0,0,0,0,0,0,0,0,0,0,0,0,0,0,0,0,0,0,0,0,0,0,0,0,0,0,0,0,0,0,0,0,0,0,0,0,0,0,0,0,0,0,0,0
80,Yunnan,China,24.974,101.48700000000001,1,2,5,11,16,26,44,55,70,82,91,102,112,117,123,126,126,121,123,130,133,128,129,126,126,129,124,115,111,93,76,65,57,48,43,28,22,16,15,9,4,3,3,3,2,2,2,2,2,2,2,2,0,0,2,2,2,2,2,2,2,2,2,2,4,6,6,6,6,8,8,9,10,10,10,10,9,9,9,9,8,8,8,7,6,6,5,5,4,4,4,4,2,3,2,2,2,2,2,2,2,2,2
81,Zhejiang,China,29.1832,120.0934,10,27,42,61,103,127,170,293,424,524,578,629,681,767,817,860,883,873,874,850,847,810,785,752,734,711,664,637,570,541,523,485,444,422,396,337,272,229,188,158,136,119,98,90,67,60,53,38,23,19,17,17,15,19,14,15,15,15,14,16,18,16,18,19,20,24,25,28,29,30,30,29,31,32,32,33,34,33,31,31,30,28,27,24,23,23,21,21,20,18,16,15,11,11,10,9,6,5,4,3,2,2,2
82,,Colombia,4.5709,-74.2973,0,0,0,0,0,0,0,0,0,0,0,0,0,0,0,0,0,0,0,0,0,0,0,0,0,0,0,0,0,0,0,0,0,0,0,0,0,0,0,0,0,0,0,0,1,1,1,1,3,9,9,13,22,34,54,64,92,101,127,195,226,271,369,458,477,523,592,682,771,859,1009,1087,1187,1289,1362,1445,1630,1877,1980,2196,2395,2397,2421,2498,2522,2539,2652,2652,2902,2984,3149,3280,3419,3653,3842,4002,4134,4412,4518,4775,5141,5295,5606
83,,Congo (Brazzaville),-4.0383,21.7587,0,0,0,0,0,0,0,0,0,0,0,0,0,0,0,0,0,0,0,0,0,0,0,0,0,0,0,0,0,0,0,0,0,0,0,0,0,0,0,0,0,0,0,0,0,0,0,0,0,0,0,0,0,1,1,1,1,3,3,3,3,4,4,4,4,4,4,19,19,19,19,18,18,18,38,38,38,38,50,50,50,50,50,50,101,101,126,126,126,138,143,164,164,175,175,175,175,180,180,192,195,195,195
84,,Congo (Kinshasa),-4.0383,21.7587,0,0,0,0,0,0,0,0,0,0,0,0,0,0,0,0,0,0,0,0,0,0,0,0,0,0,0,0,0,0,0,0,0,0,0,0,0,0,0,0,0,0,0,0,0,0,0,0,0,1,1,2,2,2,2,3,4,14,18,22,29,35,43,46,48,46,57,57,71,88,97,118,118,133,133,138,153,153,153,182,187,198,198,201,212,222,239,256,276,280,290,289,305,321,339,364,381,385,402,468,497,566,566
85,,Costa Rica,9.7489,-83.7534,0,0,0,0,0,0,0,0,0,0,0,0,0,0,0,0,0,0,0,0,0,0,0,0,0,0,0,0,0,0,0,0,0,0,0,0,0,0,0,0,0,0,0,0,1,1,5,9,9,13,22,23,26,27,35,41,50,68,88,113,130,154,173,197,227,258,290,309,324,341,369,388,403,420,436,447,457,470,506,513,525,536,547,549,555,564,557,554,543,532,513,495,484,465,445,425,404,393,384,375,364,355,347
86,,Cote d'Ivoire,7.54,-5.5471,0,0,0,0,0,0,0,0,0,0,0,0,0,0,0,0,0,0,0,0,0,0,0,0,0,0,0,0,0,0,0,0,0,0,0,0,0,0,0,0,0,0,0,0,0,0,0,0,0,1,1,1,1,1,1,4,5,8,8,13,13,24,71,77,93,98,98,160,161,171,180,178,198,219,221,279,305,333,389,389,471,484,531,518,518,502,489,554,578,578,600,628,631,644,644,668,651,644,667,687,721,725,728
87,,Croatia,45.1,15.2,0,0,0,0,0,0,0,0,0,0,0,0,0,0,0,0,0,0,0,0,0,0,0,0,0,0,0,0,0,0,0,0,0,0,1,3,3,5,6,7,7,9,10,10,11,12,12,12,14,19,19,31,37,48,55,61,77,99,122,200,248,309,376,419,470,546,607,655,717,794,884,916,979,995,1042,1076,1097,1145,1168,1243,1190,1204,1225,1258,1235,1227,1178,1178,1115,1063,1059,1033,1048,976,928,872,814,752,707,659,589,548,528
88,,Diamond Princess,0.0,0.0,0,0,0,0,0,0,0,0,0,0,0,0,0,0,0,0,61,61,64,135,135,175,175,218,285,355,454,542,620,631,631,631,688,688,688,691,691,689,689,689,689,690,690,690,660,660,660,660,660,374,374,374,374,374,374,374,380,380,380,379,379,379,377,115,105,105,105,99,99,99,98,82,82,82,82,82,82,82,82,82,82,82,82,61,61,56,55,55,55,55,55,55,54,54,54,54,54,54,54,54,54,54,54
89,,Cuba,22.0,-80.0,0,0,0,0,0,0,0,0,0,0,0,0,0,0,0,0,0,0,0,0,0,0,0,0,0,0,0,0,0,0,0,0,0,0,0,0,0,0,0,0,0,0,0,0,0,0,0,0,0,0,3,4,4,4,4,5,6,10,15,20,34,39,46,55,64,74,112,132,162,172,194,214,248,267,297,323,358,418,472,498,527,559,584,613,639,664,700,727,746,766,790,808,827,820,849,814,808,804,792,759,759,780,755
90,,Cyprus,35.1264,33.4299,0,0,0,0,0,0,0,0,0,0,0,0,0,0,0,0,0,0,0,0,0,0,0,0,0,0,0,0,0,0,0,0,0,0,0,0,0,0,0,0,0,0,0,0,0,0,0,2,3,6,6,14,26,26,33,46,49,67,67,84,91,112,118,126,139,142,159,194,201,231,283,318,357,382,400,411,438,465,501,527,545,557,585,618,638,646,661,670,674,679,674,679,684,692,648,655,659,674,680,539,546,553,561
91,,Czechia,49.8175,15.472999999999999,0,0,0,0,0,0,0,0,0,0,0,0,0,0,0,0,0,0,0,0,0,0,0,0,0,0,0,0,0,0,0,0,0,0,0,0,0,0,0,3,3,5,8,12,18,19,31,31,41,91,94,141,189,253,295,393,461,691,829,989,1113,1229,1381,1638,1906,2259,2609,2790,2953,3232,3408,3747,3966,4335,4424,4623,4757,4980,5156,5267,5291,5389,5397,5308,5231,5292,5202,5198,5262,5147,5079,4935,4825,4688,4681,4639,4396,4329,4244,4132,4125,4049,3946
92,Faroe Islands,Denmark,61.8926,-6.9118,0,0,0,0,0,0,0,0,0,0,0,0,0,0,0,0,0,0,0,0,0,0,0,0,0,0,0,0,0,0,0,0,0,0,0,0,0,0,0,0,0,0,1,1,1,1,2,2,2,2,2,3,9,11,18,47,58,72,80,92,115,118,89,94,93,90,101,89,98,95,98,96,88,88,82,76,64,53,48,39,39,27,27,21,18,15,13,11,9,9,7,7,9,9,9,9,9,6,6,3,3,3,2
93,Greenland,Denmark,71.7069,-42.6043,0,0,0,0,0,0,0,0,0,0,0,0,0,0,0,0,0,0,0,0,0,0,0,0,0,0,0,0,0,0,0,0,0,0,0,0,0,0,0,0,0,0,0,0,0,0,0,0,0,0,0,0,0,0,1,1,1,2,2,2,4,4,3,4,4,8,8,8,8,8,8,8,7,8,8,7,1,0,0,0,0,0,0,0,0,0,0,0,0,0,0,0,0,0,0,0,0,0,0,0,0,0,0
94,,Denmark,56.2639,9.5018,0,0,0,0,0,0,0,0,0,0,0,0,0,0,0,0,0,0,0,0,0,0,0,0,0,0,0,0,0,0,0,0,0,0,0,0,1,1,3,4,4,6,10,10,23,23,35,90,262,442,615,801,827,864,914,977,1057,1151,1255,1326,1395,1450,1558,1686,1830,1992,2147,2325,2507,2786,3032,3305,3666,3984,4270,4574,4951,5271,5499,5674,5851,6017,6161,6348,6515,6710,6902,7069,7208,7339,7517,7734,7895,8032,8267,8397,8520,8670,8827,8974,9127,9223,9338
95,,Djibouti,11.8251,42.5903,0,0,0,0,0,0,0,0,0,0,0,0,0,0,0,0,0,0,0,0,0,0,0,0,0,0,0,0,0,0,0,0,0,0,0,0,0,0,0,0,0,0,0,0,0,0,0,0,0,0,0,0,0,0,0,0,1,1,1,1,1,3,3,11,11,12,14,18,18,30,33,40,41,42,50,81,81,110,110,113,149,176,255,308,362,516,654,654,742,742,831,789,732,667,633,610,556,572,476,445,423,424,424
96,,Dominican Republic,18.7357,-70.1627,0,0,0,0,0,0,0,0,0,0,0,0,0,0,0,0,0,0,0,0,0,0,0,0,0,0,0,0,0,0,0,0,0,0,0,0,0,0,0,1,1,1,1,1,2,2,5,5,5,5,5,5,11,11,11,20,20,32,70,110,199,242,303,379,475,558,688,817,855,1053,1218,1304,1404,1404,1646,1709,1822,1953,2151,2396,2516,2663,2838,2941,3217,3344,3658,3806,4091,4313,4336,4459,4697,4719,4831,4947,5018,4965,5131,5370,5588,5771,6015
97,,Ecuador,-1.8312,-78.1834,0,0,0,0,0,0,0,0,0,0,0,0,0,0,0,0,0,0,0,0,0,0,0,0,0,0,0,0,0,0,0,0,0,0,0,0,0,0,0,6,6,7,10,13,13,13,14,15,15,17,17,17,26,26,35,56,109,196,362,496,772,960,1052,1142,1366,1556,1772,1863,1899,2111,2597,2978,3158,3193,3366,3456,3456,4068,4354,6496,6531,6632,6577,6538,6690,6984,7191,7558,7933,8471,8671,9051,9295,20777,20777,20777,21020,21830,22235,22476,23360,23961,24674
98,,Egypt,26.0,30.0,0,0,0,0,0,0,0,0,0,0,0,0,0,0,0,0,0,0,0,0,0,0,0,1,1,1,1,1,1,1,1,1,1,1,1,1,1,0,0,1,1,1,1,2,14,14,47,53,57,32,39,51,80,87,121,160,158,218,238,243,257,291,302,340,369,390,419,437,465,507,548,606,703,758,848,978,1080,1152,1233,1275,1367,1317,1437,1583,1733,1881,1993,2107,2173,2262,2356,2448,2600,2723,2898,3041,3209,3379,3553,3764,4029,4256,4474
99,,El Salvador,13.7942,-88.8965,0,0,0,0,0,0,0,0,0,0,0,0,0,0,0,0,0,0,0,0,0,0,0,0,0,0,0,0,0,0,0,0,0,0,0,0,0,0,0,0,0,0,0,0,0,0,0,0,0,0,0,0,0,0,0,0,0,1,1,3,3,3,5,9,13,13,19,24,30,31,31,39,44,51,57,60,69,79,83,96,93,98,109,118,123,125,132,140,150,165,170,167,175,191,191,207,226,240,262,266,290,294,325
100,,Equatorial Guinea,1.5,10.0,0,0,0,0,0,0,0,0,0,0,0,0,0,0,0,0,0,0,0,0,0,0,0,0,0,0,0,0,0,0,0,0,0,0,0,0,0,0,0,0,0,0,0,0,0,0,0,0,0,0,0,0,0,1,1,1,4,6,6,6,6,9,9,9,12,12,12,12,12,11,14,14,15,15,15,13,13,15,15,15,15,18,17,37,47,47,75,75,75,72,76,76,76,206,250,249,248,305,305,305,305,305,305
101,,Eritrea,15.1794,39.7823,0,0,0,0,0,0,0,0,0,0,0,0,0,0,0,0,0,0,0,0,0,0,0,0,0,0,0,0,0,0,0,0,0,0,0,0,0,0,0,0,0,0,0,0,0,0,0,0,0,0,0,0,0,0,0,0,0,0,0,1,1,1,1,4,6,6,6,12,12,15,15,22,22,29,29,31,31,33,33,34,34,34,34,34,35,35,35,36,36,36,33,33,33,28,26,26,26,20,20,13,13,13,13
102,,Estonia,58.5953,25.0136,0,0,0,0,0,0,0,0,0,0,0,0,0,0,0,0,0,0,0,0,0,0,0,0,0,0,0,0,0,0,0,0,0,0,0,0,1,1,1,1,1,2,2,3,10,10,10,10,12,16,16,79,115,170,204,224,257,266,282,305,324,350,362,395,529,563,624,656,692,715,741,802,901,967,1020,1027,1059,1089,1100,1141,1187,1186,1202,1227,1248,1265,1276,1312,1324,1330,1340,1331,1355,1353,1361,1361,1364,1370,1380,1388,1389,1390,1386
103,,Eswatini,-26.5225,31.4659,0,0,0,0,0,0,0,0,0,0,0,0,0,0,0,0,0,0,0,0,0,0,0,0,0,0,0,0,0,0,0,0,0,0,0,0,0,0,0,0,0,0,0,0,0,0,0,0,0,0,0,0,1,1,1,1,1,1,1,1,4,4,4,4,6,9,9,9,9,9,9,9,9,9,9,6,6,5,5,5,5,7,8,7,7,7,7,13,13,15,22,22,22,25,45,48,54,60,80,87,93,95,99
104,,Ethiopia,9.145,40.4897,0,0,0,0,0,0,0,0,0,0,0,0,0,0,0,0,0,0,0,0,0,0,0,0,0,0,0,0,0,0,0,0,0,0,0,0,0,0,0,0,0,0,0,0,0,0,0,0,0,0,0,1,1,1,5,5,6,6,9,9,7,7,12,12,12,16,15,20,19,24,27,26,32,34,37,38,46,49,50,58,56,58,57,65,67,74,78,86,89,92,95,92,92,89,90,79,71,73,69,69,64,61,57
105,,Fiji,-17.7134,178.065,0,0,0,0,0,0,0,0,0,0,0,0,0,0,0,0,0,0,0,0,0,0,0,0,0,0,0,0,0,0,0,0,0,0,0,0,0,0,0,0,0,0,0,0,0,0,0,0,0,0,0,0,0,0,0,0,0,1,1,1,2,3,4,5,5,5,5,5,5,5,5,7,7,12,12,14,15,15,15,16,16,16,16,16,16,17,17,17,17,15,15,10,10,8,8,6,6,6,6,6,6,4,4
106,,Finland,64.0,26.0,0,0,0,0,0,0,0,1,1,1,1,1,1,1,1,1,1,1,1,1,1,0,0,0,0,0,0,0,0,0,0,0,0,0,0,1,1,1,2,5,5,5,5,11,14,14,22,29,39,58,58,154,224,234,267,311,326,390,440,512,615,689,781,867,943,1024,1148,1219,1329,1391,1419,1199,1295,1557,1599,1849,1974,2147,2263,2421,2556,2618,2705,2797,2865,1594,1707,1891,1989,1770,1873,1980,2112,1718,1789,1886,2002,1741,1900,1784,1833,1956,2024
107,French Guiana,France,3.9339,-53.1258,0,0,0,0,0,0,0,0,0,0,0,0,0,0,0,0,0,0,0,0,0,0,0,0,0,0,0,0,0,0,0,0,0,0,0,0,0,0,0,0,0,0,0,0,0,5,5,5,5,5,5,5,5,7,11,11,11,11,15,18,12,14,17,22,22,22,22,22,37,37,36,36,35,39,39,38,38,43,40,40,40,35,35,35,35,35,35,32,32,27,20,13,22,23,23,23,23,31,31,31,29,29,29
108,French Polynesia,France,-17.6797,149.4068,0,0,0,0,0,0,0,0,0,0,0,0,0,0,0,0,0,0,0,0,0,0,0,0,0,0,0,0,0,0,0,0,0,0,0,0,0,0,0,0,0,0,0,0,0,0,0,0,0,0,0,3,3,3,3,3,3,6,11,15,18,18,25,25,30,30,30,30,36,36,37,37,39,40,41,42,47,51,51,51,51,53,55,55,55,55,55,53,53,37,37,22,21,16,16,16,14,9,8,8,7,7,7
109,Guadeloupe,France,16.25,-61.5833,0,0,0,0,0,0,0,0,0,0,0,0,0,0,0,0,0,0,0,0,0,0,0,0,0,0,0,0,0,0,0,0,0,0,0,0,0,0,0,0,0,0,0,0,0,0,0,0,0,0,0,1,1,3,6,18,27,33,45,53,57,61,61,72,72,72,83,85,85,88,95,98,99,103,97,97,101,90,90,68,68,68,68,70,70,70,70,67,67,67,63,63,60,55,55,55,55,55,55,44,45,45,45
110,Mayotte,France,-12.8275,45.1662,0,0,0,0,0,0,0,0,0,0,0,0,0,0,0,0,0,0,0,0,0,0,0,0,0,0,0,0,0,0,0,0,0,0,0,0,0,0,0,0,0,0,0,0,0,0,0,0,0,0,0,0,0,1,1,1,3,3,6,7,11,24,36,36,36,50,63,63,72,83,83,105,116,118,131,131,147,147,160,139,134,134,145,145,145,161,124,133,150,150,190,197,197,206,232,253,253,221,221,300,300,300,409
111,New Caledonia,France,-20.9043,165.618,0,0,0,0,0,0,0,0,0,0,0,0,0,0,0,0,0,0,0,0,0,0,0,0,0,0,0,0,0,0,0,0,0,0,0,0,0,0,0,0,0,0,0,0,0,0,0,0,0,0,0,0,0,0,0,0,0,2,2,4,4,8,10,14,14,15,15,15,15,16,16,17,17,16,17,17,17,17,17,17,17,17,17,17,17,17,4,4,3,3,1,1,1,1,1,1,1,1,1,1,1,1,1
112,Reunion,France,-21.1351,55.2471,0,0,0,0,0,0,0,0,0,0,0,0,0,0,0,0,0,0,0,0,0,0,0,0,0,0,0,0,0,0,0,0,0,0,0,0,0,0,0,0,0,0,0,0,0,0,0,0,0,1,1,5,6,7,9,9,12,14,28,45,64,71,93,110,134,144,182,182,223,246,241,268,281,294,304,309,318,318,322,342,348,349,351,351,154,157,165,170,171,171,172,172,174,112,117,117,118,118,120,120,122,123,123
113,Saint Barthelemy,France,17.9,-62.8333,0,0,0,0,0,0,0,0,0,0,0,0,0,0,0,0,0,0,0,0,0,0,0,0,0,0,0,0,0,0,0,0,0,0,0,0,0,0,0,0,0,0,3,3,3,3,3,1,1,1,1,1,1,1,3,3,3,3,3,3,3,3,3,3,3,5,5,5,5,5,5,5,5,5,5,5,5,5,5,5,5,2,2,2,2,2,2,1,1,1,0,0,0,0,0,0,0,0,0,0,0,0,0
114,St Martin,France,18.0708,-63.0501,0,0,0,0,0,0,0,0,0,0,0,0,0,0,0,0,0,0,0,0,0,0,0,0,0,0,0,0,0,0,0,0,0,0,0,0,0,0,0,0,0,0,0,0,0,0,0,2,2,2,2,2,2,2,2,2,3,4,4,4,5,8,8,11,11,11,11,11,12,12,12,19,19,17,23,23,23,23,23,19,19,19,19,19,20,20,20,16,16,16,16,17,17,11,11,11,11,11,11,11,8,8,8
115,Martinique,France,14.6415,-61.0242,0,0,0,0,0,0,0,0,0,0,0,0,0,0,0,0,0,0,0,0,0,0,0,0,0,0,0,0,0,0,0,0,0,0,0,0,0,0,0,0,0,0,0,0,0,2,2,2,2,3,3,3,9,9,14,15,18,22,31,31,43,52,56,65,65,80,92,92,92,98,105,108,113,115,95,97,98,98,98,99,99,99,101,101,77,77,77,77,78,78,76,77,77,79,84,84,84,78,78,81,82,82,82
116,,France,46.2276,2.2137,0,0,2,3,3,3,4,5,5,5,6,6,6,6,6,6,6,11,11,11,11,11,11,11,12,12,12,12,12,12,12,12,12,12,14,18,38,57,100,130,191,204,285,377,653,949,1126,1209,1784,2281,2281,3661,4469,4499,6633,7652,9043,10871,12612,14282,16012,19850,22298,25227,29149,32958,37569,40168,44544,52122,56974,59090,64316,68583,70456,74356,78133,82014,86291,90633,93747,120582,124247,129206,132422,144893,146862,146842,151744,154118,156844,154631,156941,158548,160204,160759,164501,167511,164999,165669,165665,166877,167173
117,,Gabon,-0.8037,11.6094,0,0,0,0,0,0,0,0,0,0,0,0,0,0,0,0,0,0,0,0,0,0,0,0,0,0,0,0,0,0,0,0,0,0,0,0,0,0,0,0,0,0,0,0,0,0,0,0,0,0,0,0,1,1,1,1,1,1,2,3,4,4,5,5,6,6,6,6,6,15,17,20,19,19,19,22,28,32,42,42,44,47,55,55,75,75,100,100,101,112,139,141,141,143,143,143,165,182,206,206,206,245,245
118,,Gambia,13.4432,-15.3101,0,0,0,0,0,0,0,0,0,0,0,0,0,0,0,0,0,0,0,0,0,0,0,0,0,0,0,0,0,0,0,0,0,0,0,0,0,0,0,0,0,0,0,0,0,0,0,0,0,0,0,0,0,0,0,1,1,1,1,1,1,1,2,2,2,2,2,3,3,3,1,1,1,1,1,1,1,1,1,1,6,6,6,6,6,6,6,6,7,7,7,7,7,7,1,1,1,1,1,2,3,7,7
119,,Georgia,42.3154,43.3569,0,0,0,0,0,0,0,0,0,0,0,0,0,0,0,0,0,0,0,0,0,0,0,0,0,0,0,0,0,0,0,0,0,0,0,1,1,1,1,3,3,3,3,4,4,4,13,15,15,24,24,25,30,33,32,33,37,39,42,48,51,58,61,65,68,69,76,73,83,89,94,108,127,125,136,147,147,158,164,177,179,187,201,228,232,269,288,298,297,303,307,304,309,307,312,331,335,337,333,349,352,367,357
120,,Germany,51.0,9.0,0,0,0,0,0,1,4,4,4,5,8,10,12,12,12,12,13,13,14,14,16,16,15,15,15,15,15,4,4,4,2,2,2,2,3,12,30,32,63,114,143,180,246,466,653,781,1022,1156,1437,1880,2050,3622,4530,5738,7188,9166,12194,15163,19601,21896,24513,28667,29586,33570,37998,43871,48781,52351,52740,54933,58252,61247,65309,68248,69839,72864,69566,64647,63167,65491,64772,64532,62578,59865,58349,56646,53931,53483,52598,50703,48058,45969,44254,39439,40836,39794,38132,36198,34672,32886,30441,29155,28198
121,,Ghana,7.9465,-1.0232,0,0,0,0,0,0,0,0,0,0,0,0,0,0,0,0,0,0,0,0,0,0,0,0,0,0,0,0,0,0,0,0,0,0,0,0,0,0,0,0,0,0,0,0,0,0,0,0,0,0,0,0,3,6,6,7,7,11,16,18,22,25,51,89,127,131,134,145,145,125,159,168,169,169,178,178,251,273,369,368,396,554,554,611,611,550,550,726,934,934,934,1046,1046,1135,1135,1384,1384,1467,1467,1845,1845,1922,1922
122,,Greece,39.0742,21.8243,0,0,0,0,0,0,0,0,0,0,0,0,0,0,0,0,0,0,0,0,0,0,0,0,0,0,0,0,0,0,0,0,0,0,0,1,3,4,4,7,7,7,9,31,45,46,73,73,89,98,98,189,217,319,319,374,405,404,470,498,590,659,694,763,830,886,977,1066,1117,1213,1313,1430,1472,1527,1584,1407,1482,1532,1599,1650,1719,1747,1777,1800,1821,1833,1847,1856,1853,1860,1703,1710,1761,1783,1799,1806,1821,1851,1860,1077,1098,1103,1108
123,,Guatemala,15.7835,-90.2308,0,0,0,0,0,0,0,0,0,0,0,0,0,0,0,0,0,0,0,0,0,0,0,0,0,0,0,0,0,0,0,0,0,0,0,0,0,0,0,0,0,0,0,0,0,0,0,0,0,0,0,0,1,1,1,5,5,8,11,16,18,19,20,19,20,23,23,23,25,25,26,34,37,44,44,52,57,67,75,106,115,131,132,143,156,172,186,207,229,261,263,284,343,389,415,436,466,466,479,517,556,599,614
124,,Guinea,9.9456,-9.6966,0,0,0,0,0,0,0,0,0,0,0,0,0,0,0,0,0,0,0,0,0,0,0,0,0,0,0,0,0,0,0,0,0,0,0,0,0,0,0,0,0,0,0,0,0,0,0,0,0,0,0,1,1,1,1,1,1,1,1,2,2,4,4,4,4,8,8,16,22,22,30,52,71,106,116,123,139,159,183,197,233,233,302,332,372,388,415,450,487,495,555,591,686,757,781,781,910,964,1031,1159,1188,1174,1174
125,,Guyana,5.0,-58.75,0,0,0,0,0,0,0,0,0,0,0,0,0,0,0,0,0,0,0,0,0,0,0,0,0,0,0,0,0,0,0,0,0,0,0,0,0,0,0,0,0,0,0,0,0,0,0,0,0,0,0,0,0,3,3,6,6,6,6,6,18,19,4,4,4,4,7,7,7,10,17,15,19,19,20,19,20,23,23,23,31,31,31,33,41,41,48,48,49,49,50,51,54,54,54,54,51,51,52,51,51,51,51
126,,Haiti,18.9712,-72.2852,0,0,0,0,0,0,0,0,0,0,0,0,0,0,0,0,0,0,0,0,0,0,0,0,0,0,0,0,0,0,0,0,0,0,0,0,0,0,0,0,0,0,0,0,0,0,0,0,0,0,0,0,0,0,0,0,0,0,2,2,2,6,7,8,8,8,8,14,14,14,15,15,17,19,19,23,24,26,28,29,31,30,37,37,38,38,40,41,44,54,54,56,65,65,60,61,62,62,62,65,67,67,69
127,,Holy See,41.9029,12.4534,0,0,0,0,0,0,0,0,0,0,0,0,0,0,0,0,0,0,0,0,0,0,0,0,0,0,0,0,0,0,0,0,0,0,0,0,0,0,0,0,0,0,0,0,1,1,1,1,1,1,1,1,1,1,1,1,1,1,1,1,1,1,4,4,4,4,6,6,6,6,6,7,7,7,7,7,7,6,6,6,6,6,6,6,6,6,6,6,6,7,7,7,7,7,7,7,7,8,8,9,9,9,9
128,,Honduras,15.2,-86.2419,0,0,0,0,0,0,0,0,0,0,0,0,0,0,0,0,0,0,0,0,0,0,0,0,0,0,0,0,0,0,0,0,0,0,0,0,0,0,0,0,0,0,0,0,0,0,0,0,0,2,2,2,2,3,6,8,9,12,24,24,26,30,30,36,51,67,91,104,129,131,159,202,204,246,240,270,277,284,314,352,361,361,365,374,379,382,391,401,411,406,419,434,441,478,503,503,521,559,599,621,617,818,855
129,,Hungary,47.1625,19.5033,0,0,0,0,0,0,0,0,0,0,0,0,0,0,0,0,0,0,0,0,0,0,0,0,0,0,0,0,0,0,0,0,0,0,0,0,0,0,0,0,0,0,2,2,2,4,7,9,9,13,13,19,29,30,37,47,55,70,80,92,109,144,157,195,223,256,298,361,398,439,465,522,554,588,633,639,699,743,818,1001,1110,1193,1229,1268,1253,1311,1400,1431,1477,1518,1598,1648,1655,1723,1723,1743,1805,1842,1891,1882,1931,1982,2029
130,,Iceland,64.9631,-19.0208,0,0,0,0,0,0,0,0,0,0,0,0,0,0,0,0,0,0,0,0,0,0,0,0,0,0,0,0,0,0,0,0,0,0,0,0,0,1,1,3,6,11,26,34,43,50,50,58,68,84,102,133,155,158,180,219,244,324,404,450,531,551,595,679,718,791,847,883,927,935,993,1031,1051,1017,1054,1096,1021,977,954,917,840,804,770,723,642,587,521,460,471,401,351,313,270,237,210,174,158,149,131,117,99,82,72
131,,India,21.0,78.0,0,0,0,0,0,0,0,0,1,1,1,2,3,3,3,3,3,3,3,3,3,3,3,3,3,0,0,0,0,0,0,0,0,0,0,0,0,0,0,0,2,2,25,27,28,31,36,40,52,57,68,76,96,98,104,125,139,175,219,303,362,462,486,602,662,794,879,902,1117,1239,1792,2280,2303,2767,3260,4267,4740,5232,5879,6578,7189,7794,8914,9735,10485,11214,11825,12738,14202,14674,15460,16319,17344,18252,19519,20486,21375,22569,23546,24641,26027,27557,29339
132,,Indonesia,-0.7893,113.9213,0,0,0,0,0,0,0,0,0,0,0,0,0,0,0,0,0,0,0,0,0,0,0,0,0,0,0,0,0,0,0,0,0,0,0,0,0,0,0,0,2,2,2,2,4,4,6,19,25,31,31,63,83,104,121,159,197,275,322,397,437,501,601,701,780,913,994,1107,1217,1311,1417,1508,1671,1751,1911,2090,2313,2494,2761,2924,3229,3509,3778,3954,4221,4472,4796,5082,5307,5423,5677,5870,6168,6520,6845,7032,7180,7484,7596,7804,8160,8347,8471
133,,Iran,32.0,53.0,0,0,0,0,0,0,0,0,0,0,0,0,0,0,0,0,0,0,0,0,0,0,0,0,0,0,0,0,0,3,14,23,35,49,79,71,170,281,427,749,1144,1968,2278,2667,3710,4009,4238,4530,5020,5687,6687,7891,9159,8624,9548,9792,10837,11413,11466,11419,12022,13306,13964,15315,16715,18821,21212,23278,24827,27051,29084,30597,31954,32555,34887,32525,31678,30781,29801,28495,23725,23318,22735,22065,21679,20897,20472,19850,20070,19023,18540,17492,16702,16021,15485,15114,14733,14268,13909,13509,13237,12942,12799
134,,Iraq,33.0,44.0,0,0,0,0,0,0,0,0,0,0,0,0,0,0,0,0,0,0,0,0,0,0,0,0,0,0,0,0,0,0,0,0,0,1,1,5,7,7,13,19,26,32,33,33,37,50,54,51,61,49,48,68,74,80,88,111,109,136,142,146,156,186,214,214,241,296,333,362,432,474,494,516,540,563,621,623,684,681,667,659,645,636,583,556,524,498,495,478,448,449,423,402,423,418,453,470,473,519,565,617,645,651,709
135,,Ireland,53.1424,-7.6921,0,0,0,0,0,0,0,0,0,0,0,0,0,0,0,0,0,0,0,0,0,0,0,0,0,0,0,0,0,0,0,0,0,0,0,0,0,0,1,1,1,2,6,6,18,18,19,21,34,42,42,89,127,127,167,216,285,549,675,777,897,1114,1317,1550,1795,2094,2374,2564,2851,3159,3357,3746,4148,4442,4811,5165,5474,5814,6286,7777,8583,9296,10257,11048,12026,12708,13373,14110,14564,14888,6077,6669,7580,7937,8265,8942,9313,9485,5677,5994,6182,6504,6817
136,,Israel,31.0,35.0,0,0,0,0,0,0,0,0,0,0,0,0,0,0,0,0,0,0,0,0,0,0,0,0,0,0,0,0,0,0,1,1,1,1,1,2,2,3,6,9,9,11,14,19,35,41,59,59,71,75,96,122,151,209,214,239,293,416,515,675,845,1033,1182,2306,2617,2944,3518,4100,4518,5114,5825,6483,6985,7380,7904,8262,8413,8530,8871,9130,9301,9415,9615,9728,9808,9798,9705,9645,9565,9487,9251,9094,9000,8861,8664,8511,8151,7772,7386,7163,6720,6363,6227
137,,Italy,43.0,12.0,0,0,0,0,0,0,0,0,0,2,2,2,2,2,2,2,3,3,3,3,3,3,3,3,3,3,3,3,3,3,19,59,150,221,311,438,593,821,1053,1577,1835,2263,2706,3296,3916,5061,6387,7985,8794,10590,10590,14955,17750,20603,23073,26062,28710,33190,38549,42681,46638,50826,54030,57521,62013,66414,70065,73880,75528,77635,80572,83049,85388,88274,91246,93187,94067,95262,96877,98273,100269,102253,103616,104291,105418,106607,106962,107771,108257,108237,107709,107699,106848,106527,105847,106103,105813,105205,104657,101551,100943,100704,100179
138,,Jamaica,18.1096,-77.2975,0,0,0,0,0,0,0,0,0,0,0,0,0,0,0,0,0,0,0,0,0,0,0,0,0,0,0,0,0,0,0,0,0,0,0,0,0,0,0,0,0,0,0,0,0,0,0,0,0,1,2,8,8,10,8,10,11,12,13,13,16,16,18,23,23,23,27,29,33,33,39,42,42,43,47,47,52,49,47,46,48,52,50,50,99,117,113,133,141,191,190,200,223,253,270,315,328,328,360,385,393,422,422
139,,Japan,36.0,138.0,2,2,2,2,3,3,6,6,10,14,19,19,19,21,21,21,24,24,25,22,17,19,18,19,30,46,53,60,65,75,82,99,124,136,147,165,188,202,204,218,236,244,282,311,368,379,420,425,470,506,505,564,633,699,668,705,716,745,739,740,825,851,865,952,981,1047,1237,1388,1388,1473,1649,1961,2040,2548,2548,2994,3222,3542,3941,4746,5144,5878,6463,6703,7101,7547,8662,9005,9402,9402,9633,9875,10546,10954,11215,11260,11869,11443,11114,11198,10875,10892,10409
140,,Jordan,31.24,36.51,0,0,0,0,0,0,0,0,0,0,0,0,0,0,0,0,0,0,0,0,0,0,0,0,0,0,0,0,0,0,0,0,0,0,0,0,0,0,0,0,0,1,1,1,1,1,1,1,1,1,1,0,0,7,16,33,51,68,84,84,111,126,153,171,211,216,227,238,237,239,237,249,247,244,230,217,209,202,204,195,197,181,169,155,144,136,135,137,134,136,124,113,112,108,105,103,100,93,87,83,87,84,85
141,,Kazakhstan,48.0196,66.9237,0,0,0,0,0,0,0,0,0,0,0,0,0,0,0,0,0,0,0,0,0,0,0,0,0,0,0,0,0,0,0,0,0,0,0,0,0,0,0,0,0,0,0,0,0,0,0,0,0,0,0,4,6,9,10,33,35,44,46,53,60,62,72,81,108,146,211,263,280,317,351,405,429,490,536,610,640,666,713,738,774,842,941,1015,1039,1108,1182,1221,1259,1386,1487,1601,1709,1853,1930,2010,2090,2228,2294,2511,2650,2847,2809
142,,Kenya,-0.0236,37.9062,0,0,0,0,0,0,0,0,0,0,0,0,0,0,0,0,0,0,0,0,0,0,0,0,0,0,0,0,0,0,0,0,0,0,0,0,0,0,0,0,0,0,0,0,0,0,0,0,0,0,0,1,1,3,3,3,3,7,7,7,15,16,25,27,29,29,36,40,48,57,77,103,114,118,134,148,159,164,165,160,160,164,159,166,162,170,182,190,189,198,208,215,217,228,231,235,235,236,240,235,240,261,274
143,,"Korea, South",36.0,128.0,1,1,2,2,3,4,4,4,4,11,12,15,15,16,19,23,23,23,22,24,25,21,21,21,19,20,20,19,19,87,186,415,578,807,945,1227,1731,2302,3107,3689,4277,5128,5545,6012,6416,6862,7146,7307,7212,7407,7470,7403,7504,7577,7024,6832,6789,6934,7018,7157,5941,5941,5410,5281,4966,4665,4523,4398,4275,4216,4155,3979,3867,3654,3591,3500,3445,3408,3246,3125,3026,2930,2873,2808,2750,2627,2576,2484,2385,2324,2233,2179,1967,1843,1769,1731,1654,1593,1459,1454,1407,1360,1332
144,,Kuwait,29.5,47.75,0,0,0,0,0,0,0,0,0,0,0,0,0,0,0,0,0,0,0,0,0,0,0,0,0,0,0,0,0,0,0,0,0,1,11,26,43,45,45,45,56,56,56,58,58,61,63,63,68,70,75,75,99,107,114,121,127,130,141,149,161,162,152,152,159,168,171,188,194,216,237,261,335,385,456,561,637,743,798,869,1020,1091,1148,1176,1196,1296,1395,1465,1603,1619,1657,1792,1887,1986,2217,2249,2254,2241,2327,2459,2745,2883,3169
145,,Kyrgyzstan,41.2044,74.7661,0,0,0,0,0,0,0,0,0,0,0,0,0,0,0,0,0,0,0,0,0,0,0,0,0,0,0,0,0,0,0,0,0,0,0,0,0,0,0,0,0,0,0,0,0,0,0,0,0,0,0,0,0,0,0,0,3,3,6,14,14,16,42,44,44,58,58,84,91,104,108,111,123,134,137,179,191,233,241,258,290,318,347,354,366,370,370,371,416,360,367,351,321,312,312,304,292,284,284,276,244,234,221
146,,Latvia,56.8796,24.6032,0,0,0,0,0,0,0,0,0,0,0,0,0,0,0,0,0,0,0,0,0,0,0,0,0,0,0,0,0,0,0,0,0,0,0,0,0,0,0,0,1,1,1,1,1,1,2,6,7,9,9,16,25,29,33,48,70,85,110,123,138,179,196,220,243,279,304,346,375,397,445,427,491,507,531,525,530,559,570,593,611,630,634,636,617,613,589,619,634,646,606,617,634,505,525,533,538,556,486,495,506,507,515
147,,Lebanon,33.8547,35.8623,0,0,0,0,0,0,0,0,0,0,0,0,0,0,0,0,0,0,0,0,0,0,0,0,0,0,0,0,0,0,1,1,1,1,1,2,2,2,4,10,13,13,12,15,21,21,31,31,39,57,57,73,89,106,106,114,127,149,155,179,236,255,306,307,339,356,374,398,400,421,422,432,441,449,455,462,467,495,496,513,522,530,532,540,552,556,561,552,550,553,548,547,526,534,537,538,541,548,547,551,513,511,512
148,,Liberia,6.4281,-9.4295,0,0,0,0,0,0,0,0,0,0,0,0,0,0,0,0,0,0,0,0,0,0,0,0,0,0,0,0,0,0,0,0,0,0,0,0,0,0,0,0,0,0,0,0,0,0,0,0,0,0,0,0,0,0,1,1,2,2,2,3,3,3,3,3,3,3,3,3,3,3,6,6,7,6,7,8,8,24,24,29,40,42,49,49,49,49,62,62,76,84,86,73,73,84,84,87,87,80,80,80,89,88,82
149,,Liechtenstein,47.14,9.55,0,0,0,0,0,0,0,0,0,0,0,0,0,0,0,0,0,0,0,0,0,0,0,0,0,0,0,0,0,0,0,0,0,0,0,0,0,0,0,0,0,0,1,1,1,1,1,1,1,1,1,1,4,4,4,7,28,28,28,37,37,51,51,51,56,56,56,56,62,68,68,75,75,76,76,21,22,22,22,23,23,23,23,23,23,23,23,23,25,25,25,25,25,25,25,26,26,26,26,26,26,26,26
150,,Lithuania,55.1694,23.8813,0,0,0,0,0,0,0,0,0,0,0,0,0,0,0,0,0,0,0,0,0,0,0,0,0,0,0,0,0,0,0,0,0,0,0,0,0,1,1,1,1,1,1,1,1,1,1,1,1,3,3,6,8,11,16,24,26,35,48,81,141,177,206,269,294,352,386,452,477,522,566,633,680,753,791,820,857,889,931,923,949,933,937,940,923,918,906,978,1021,1047,1014,975,959,940,925,930,934,764,767,751,760,728,729
151,,Luxembourg,49.8153,6.1296,0,0,0,0,0,0,0,0,0,0,0,0,0,0,0,0,0,0,0,0,0,0,0,0,0,0,0,0,0,0,0,0,0,0,0,0,0,0,1,1,1,1,1,1,2,2,3,3,5,7,19,34,50,58,76,139,201,331,480,662,784,861,1085,1319,1438,1550,1773,1889,1926,2075,2210,2377,2081,2198,2268,2302,2426,2488,2563,2669,2708,2715,2723,2740,2778,2823,2829,2864,2850,2846,2870,2863,2854,603,538,531,518,529,546,481,497,402,349
152,,Madagascar,-18.7669,46.8691,0,0,0,0,0,0,0,0,0,0,0,0,0,0,0,0,0,0,0,0,0,0,0,0,0,0,0,0,0,0,0,0,0,0,0,0,0,0,0,0,0,0,0,0,0,0,0,0,0,0,0,0,0,0,0,0,0,0,3,3,3,12,17,19,23,26,26,39,43,57,57,59,70,70,70,80,81,82,82,82,91,86,85,85,81,78,84,85,82,80,77,69,63,61,61,53,53,46,38,36,38,38,51
153,,Malaysia,2.5,112.5,0,0,0,3,4,4,4,7,8,8,8,8,8,10,12,12,11,15,15,17,15,15,16,16,15,15,15,9,7,7,7,7,7,4,4,4,5,5,7,11,11,14,28,28,61,70,75,93,105,123,123,171,203,386,524,622,728,823,940,1065,1157,1365,1425,1577,1793,1876,1973,2047,2110,2186,2218,2299,2453,2511,2596,2490,2579,2567,2553,2446,2462,2499,2464,2427,2342,2332,2198,2115,2103,2041,2041,1987,1966,1932,1882,1820,1764,1719,1758,1729,1758,1747,1780
154,,Maldives,3.2028,73.2207,0,0,0,0,0,0,0,0,0,0,0,0,0,0,0,0,0,0,0,0,0,0,0,0,0,0,0,0,0,0,0,0,0,0,0,0,0,0,0,0,0,0,0,0,0,0,4,4,6,8,8,9,10,13,13,13,13,13,13,13,13,13,8,5,5,7,7,4,4,5,6,6,6,6,6,6,6,6,6,6,6,6,6,4,6,9,12,19,36,53,67,70,92,113,160,197,209,233,260,450,473,500,508
155,,Malta,35.9375,14.3754,0,0,0,0,0,0,0,0,0,0,0,0,0,0,0,0,0,0,0,0,0,0,0,0,0,0,0,0,0,0,0,0,0,0,0,0,0,0,0,0,0,0,0,0,0,3,3,3,5,6,6,11,17,20,28,36,36,51,62,71,88,105,108,127,132,137,147,149,154,167,186,194,200,211,222,236,288,282,319,332,351,331,337,346,352,327,328,324,306,302,290,276,238,221,195,162,160,151,120,110,80,85,81
156,,Mauritania,21.0079,10.9408,0,0,0,0,0,0,0,0,0,0,0,0,0,0,0,0,0,0,0,0,0,0,0,0,0,0,0,0,0,0,0,0,0,0,0,0,0,0,0,0,0,0,0,0,0,0,0,0,0,0,0,0,1,1,1,1,1,2,2,2,2,2,2,2,3,3,5,3,2,3,3,3,3,3,3,3,3,3,4,4,4,4,4,4,4,4,4,4,0,0,0,0,0,0,0,0,0,0,1,1,1,1,1
157,,Mauritius,-20.2,57.5,0,0,0,0,0,0,0,0,0,0,0,0,0,0,0,0,0,0,0,0,0,0,0,0,0,0,0,0,0,0,0,0,0,0,0,0,0,0,0,0,0,0,0,0,0,0,0,0,0,0,0,0,0,0,0,0,3,3,12,13,26,34,40,46,79,92,100,104,125,138,155,162,179,182,213,230,253,247,284,286,282,273,273,264,250,234,207,136,111,95,76,59,56,37,27,24,22,21,16,12,10,8,7
158,,Mexico,23.6345,-102.5528,0,0,0,0,0,0,0,0,0,0,0,0,0,0,0,0,0,0,0,0,0,0,0,0,0,0,0,0,0,0,0,0,0,0,0,0,0,1,4,5,5,4,4,4,5,5,6,6,3,4,8,22,37,49,78,89,114,159,197,245,309,359,396,465,573,701,828,969,1031,1151,1306,1425,995,1178,1416,1681,2011,2374,2614,2978,3313,2593,2839,3029,3273,3686,4204,4722,4948,5433,6017,6947,7937,9024,5388,4972,5009,3760,4644,5942,6390,7650,7870
159,,Moldova,47.4116,28.3699,0,0,0,0,0,0,0,0,0,0,0,0,0,0,0,0,0,0,0,0,0,0,0,0,0,0,0,0,0,0,0,0,0,0,0,0,0,0,0,0,0,0,0,0,0,0,1,1,3,3,3,6,12,23,23,29,28,47,64,78,92,107,122,146,174,195,227,259,281,331,395,476,557,711,819,909,994,1107,1210,1353,1455,1537,1570,1760,1832,1865,1932,1930,1948,2021,2037,2143,2185,2271,2385,2417,2454,2560,2546,2599,2586,2594,2614
160,,Monaco,43.7333,7.4167,0,0,0,0,0,0,0,0,0,0,0,0,0,0,0,0,0,0,0,0,0,0,0,0,0,0,0,0,0,0,0,0,0,0,0,0,0,0,1,1,1,1,1,1,1,1,1,1,1,1,2,2,2,2,7,7,7,7,11,11,22,22,22,30,32,41,41,44,47,49,52,57,60,62,69,72,74,76,78,84,86,86,86,86,78,78,71,69,69,68,65,65,55,49,48,48,49,41,33,27,18,13,13
161,,Mongolia,46.8625,103.8467,0,0,0,0,0,0,0,0,0,0,0,0,0,0,0,0,0,0,0,0,0,0,0,0,0,0,0,0,0,0,0,0,0,0,0,0,0,0,0,0,0,0,0,0,0,0,0,0,1,1,1,1,1,1,1,5,6,6,6,10,10,10,10,10,11,11,12,12,10,10,12,12,12,12,12,13,11,12,12,12,12,12,13,25,25,26,26,26,25,26,26,27,27,28,28,29,28,28,28,28,28,29,29
162,,Montenegro,42.5,19.3,0,0,0,0,0,0,0,0,0,0,0,0,0,0,0,0,0,0,0,0,0,0,0,0,0,0,0,0,0,0,0,0,0,0,0,0,0,0,0,0,0,0,0,0,0,0,0,0,0,0,0,0,0,0,0,2,2,3,14,14,21,26,46,51,68,81,83,84,90,107,121,142,171,198,211,230,235,242,246,249,256,264,266,233,229,244,243,247,248,219,207,194,188,190,161,161,125,115,112,101,82,69,65
163,,Morocco,31.7917,-7.0926,0,0,0,0,0,0,0,0,0,0,0,0,0,0,0,0,0,0,0,0,0,0,0,0,0,0,0,0,0,0,0,0,0,0,0,0,0,0,0,0,1,1,1,2,2,2,2,2,2,4,5,5,15,26,27,35,46,60,73,90,108,136,159,212,256,311,366,440,508,557,586,633,686,794,875,959,1001,1085,1168,1219,1288,1366,1434,1545,1668,1904,2148,2234,2387,2553,2671,2880,2957,3114,3201,3311,3263,3309,3225,3269,3315,3300,3291
164,,Namibia,-22.9576,18.4904,0,0,0,0,0,0,0,0,0,0,0,0,0,0,0,0,0,0,0,0,0,0,0,0,0,0,0,0,0,0,0,0,0,0,0,0,0,0,0,0,0,0,0,0,0,0,0,0,0,0,0,0,2,2,2,2,2,3,3,3,3,4,5,5,6,6,6,9,9,9,12,11,11,11,13,13,13,13,13,13,13,13,13,13,13,12,12,10,10,10,10,10,9,9,9,8,8,8,8,8,8,8,8
165,,Nepal,28.1667,84.25,0,0,0,1,1,1,1,1,1,1,1,1,1,1,1,1,1,1,1,1,1,0,0,0,0,0,0,0,0,0,0,0,0,0,0,0,0,0,0,0,0,0,0,0,0,0,0,0,0,0,0,0,0,0,0,0,0,0,0,0,0,1,1,2,2,3,4,4,4,4,4,5,5,8,8,8,8,8,8,8,8,11,13,15,15,14,28,29,27,27,39,38,38,38,37,36,36,38,41,41,43,43,59
166,Aruba,Netherlands,12.5186,-70.0358,0,0,0,0,0,0,0,0,0,0,0,0,0,0,0,0,0,0,0,0,0,0,0,0,0,0,0,0,0,0,0,0,0,0,0,0,0,0,0,0,0,0,0,0,0,0,0,0,0,0,0,2,2,2,2,3,4,4,5,5,9,9,11,16,27,32,45,49,49,54,54,59,61,63,63,69,60,63,62,59,63,60,60,60,53,54,51,50,46,46,44,30,30,29,29,25,25,25,25,19,17,17,17
167,Curacao,Netherlands,12.1696,-68.99,0,0,0,0,0,0,0,0,0,0,0,0,0,0,0,0,0,0,0,0,0,0,0,0,0,0,0,0,0,0,0,0,0,0,0,0,0,0,0,0,0,0,0,0,0,0,0,0,0,0,0,0,1,1,1,3,3,2,2,2,2,3,5,5,3,5,5,5,8,8,7,7,7,5,5,7,5,6,6,6,6,5,5,3,3,3,3,2,2,2,2,2,2,4,4,4,4,4,2,2,2,2,2
168,Sint Maarten,Netherlands,18.0425,-63.0548,0,0,0,0,0,0,0,0,0,0,0,0,0,0,0,0,0,0,0,0,0,0,0,0,0,0,0,0,0,0,0,0,0,0,0,0,0,0,0,0,0,0,0,0,0,0,0,0,0,0,0,0,0,0,0,0,0,0,1,1,1,2,2,3,3,3,3,6,6,6,9,11,15,13,20,30,33,33,36,39,36,36,36,38,39,36,36,43,45,45,45,38,39,39,39,28,28,29,29,29,19,19,19
169,,Netherlands,52.1326,5.2913,0,0,0,0,0,0,0,0,0,0,0,0,0,0,0,0,0,0,0,0,0,0,0,0,0,0,0,0,0,0,0,0,0,0,0,0,1,1,6,10,18,24,38,82,128,188,265,321,382,503,503,804,959,1135,1413,1705,2051,2460,2994,3631,4204,4749,5559,6411,7430,8602,9761,10865,11749,12594,13613,14696,15722,16626,17850,18801,19566,20535,21742,23070,24384,25555,26519,27387,28113,29173,30404,31543,32604,33354,34081,34772,35659,36464,37119,37770,38170,38341,38727,39235,39708,40153,40488
170,,New Zealand,-40.9006,174.886,0,0,0,0,0,0,0,0,0,0,0,0,0,0,0,0,0,0,0,0,0,0,0,0,0,0,0,0,0,0,0,0,0,0,0,0,0,1,1,1,1,1,3,3,4,5,5,5,5,5,5,5,6,8,8,12,20,28,39,52,102,102,143,183,256,331,401,457,525,572,624,704,764,822,882,929,918,927,921,908,886,855,798,729,649,622,582,544,507,454,426,401,344,325,310,270,239,226,216,208,202,201,191
171,,Nicaragua,12.8654,-85.2072,0,0,0,0,0,0,0,0,0,0,0,0,0,0,0,0,0,0,0,0,0,0,0,0,0,0,0,0,0,0,0,0,0,0,0,0,0,0,0,0,0,0,0,0,0,0,0,0,0,0,0,0,0,0,0,0,0,1,1,2,2,2,2,2,2,1,3,3,3,4,4,4,4,4,5,5,5,5,6,6,7,4,4,4,4,4,4,1,2,2,1,1,1,1,2,3,3,3,3,4,4,4,3
172,,Niger,17.6078,8.0817,0,0,0,0,0,0,0,0,0,0,0,0,0,0,0,0,0,0,0,0,0,0,0,0,0,0,0,0,0,0,0,0,0,0,0,0,0,0,0,0,0,0,0,0,0,0,0,0,0,0,0,0,0,0,0,0,0,0,1,1,2,3,3,6,9,9,9,17,24,24,69,93,115,136,161,217,241,303,359,386,439,442,442,466,480,480,499,507,511,511,510,447,391,368,332,317,287,275,246,235,217,194,196
173,,Nigeria,9.082,8.6753,0,0,0,0,0,0,0,0,0,0,0,0,0,0,0,0,0,0,0,0,0,0,0,0,0,0,0,0,0,0,0,0,0,0,0,0,0,1,1,1,1,1,1,1,1,1,1,2,2,2,2,2,2,2,2,3,7,7,11,21,28,37,41,48,62,66,85,107,121,125,163,162,181,185,194,198,204,226,230,240,238,228,242,263,267,277,317,357,436,455,455,648,753,855,925,994,1042,1233,1370,1555,1751,1952,2071
174,,North Macedonia,41.6086,21.7453,0,0,0,0,0,0,0,0,0,0,0,0,0,0,0,0,0,0,0,0,0,0,0,0,0,0,0,0,0,0,0,0,0,0,0,1,1,1,1,1,1,1,1,1,3,3,3,3,7,7,7,13,13,13,17,25,34,47,66,84,113,133,145,173,195,213,234,250,266,308,326,356,398,446,514,517,543,553,596,638,685,753,772,778,831,914,929,957,977,971,952,931,943,932,934,825,781,761,742,650,606,572,482
175,,Norway,60.472,8.4689,0,0,0,0,0,0,0,0,0,0,0,0,0,0,0,0,0,0,0,0,0,0,0,0,0,0,0,0,0,0,0,0,0,0,0,1,1,6,15,19,25,32,56,87,108,147,176,204,399,597,701,995,1086,1217,1329,1459,1543,1738,1906,2110,2377,2610,2845,3064,3349,3730,3985,4252,4401,4589,4806,5065,5279,5456,5584,5757,5965,5953,6071,6169,6258,6365,6437,6452,6558,6712,6744,6840,6881,6943,6977,7119,7175,7232,7266,7294,7362,7422,7471,7496,7541,7566,7604
176,,Oman,21.0,57.0,0,0,0,0,0,0,0,0,0,0,0,0,0,0,0,0,0,0,0,0,0,0,0,0,0,0,0,0,0,0,0,0,0,2,2,4,4,4,5,5,5,10,13,14,14,14,14,14,9,9,9,10,10,13,13,15,27,36,36,40,38,49,67,82,86,108,129,144,150,157,175,173,194,214,235,268,302,345,345,372,434,486,599,679,775,839,887,998,1026,1165,1262,1368,1400,1455,1566,1655,1675,1757,1900,1842,1941,1721,1806
177,,Pakistan,30.3753,69.3451,0,0,0,0,0,0,0,0,0,0,0,0,0,0,0,0,0,0,0,0,0,0,0,0,0,0,0,0,0,0,0,0,0,0,0,2,2,2,4,4,4,5,5,5,6,6,5,5,15,17,18,26,29,51,134,234,297,439,485,714,766,864,947,1034,1171,1339,1454,1554,1620,1836,1997,2262,2520,2646,2899,3454,3549,3735,3852,3902,4163,4111,4308,4363,4826,5146,5125,5663,6312,6272,7291,7708,8391,8932,9588,10111,10594,11067,11757,12117,12982,13846,14513
178,,Panama,8.538,-80.7821,0,0,0,0,0,0,0,0,0,0,0,0,0,0,0,0,0,0,0,0,0,0,0,0,0,0,0,0,0,0,0,0,0,0,0,0,0,0,0,0,0,0,0,0,0,0,0,0,1,7,10,26,35,42,54,68,85,108,136,199,310,339,338,434,548,663,770,880,961,1142,1142,1276,1428,1619,1742,1921,2031,2174,2449,2670,2883,3132,3284,3317,3407,3573,3809,3972,4013,4176,4318,4449,4749,4865,5041,5276,5399,5399,5673,5768,5906,6252,6252
179,,Papua New Guinea,-6.315,143.9555,0,0,0,0,0,0,0,0,0,0,0,0,0,0,0,0,0,0,0,0,0,0,0,0,0,0,0,0,0,0,0,0,0,0,0,0,0,0,0,0,0,0,0,0,0,0,0,0,0,0,0,0,0,0,0,0,0,0,1,1,1,1,1,1,1,1,1,1,1,1,1,1,1,1,1,2,2,2,2,2,2,2,2,2,2,7,7,7,7,7,7,8,8,8,8,8,8,8,8,8,8,8,8
180,,Paraguay,-23.4425,-58.4438,0,0,0,0,0,0,0,0,0,0,0,0,0,0,0,0,0,0,0,0,0,0,0,0,0,0,0,0,0,0,0,0,0,0,0,0,0,0,0,0,0,0,0,0,0,0,1,1,1,5,5,6,6,6,8,9,11,11,13,17,21,21,25,34,38,48,52,55,60,61,65,72,83,81,89,96,95,99,101,105,109,106,119,130,130,136,161,159,157,154,147,142,137,136,134,134,126,128,128,143,208,241,260
181,,Peru,-9.19,-75.0152,0,0,0,0,0,0,0,0,0,0,0,0,0,0,0,0,0,0,0,0,0,0,0,0,0,0,0,0,0,0,0,0,0,0,0,0,0,0,0,0,0,0,0,0,1,1,6,7,11,11,15,28,38,43,86,116,144,233,230,312,357,389,408,470,557,608,639,818,873,641,891,822,997,759,1209,1472,1546,2888,3680,4159,4928,5528,6926,7204,8113,6097,6648,7388,8417,8912,10371,11693,12920,13518,16834,18701,19492,21157,22951,25520,28206,28900,31092
182,,Philippines,13.0,122.0,0,0,0,0,0,0,0,0,1,1,1,1,1,1,1,1,2,2,2,2,2,1,1,1,1,1,1,1,1,1,1,1,1,1,1,1,1,1,1,1,1,1,1,1,3,4,8,18,30,46,48,57,101,127,128,170,178,192,204,275,338,412,497,572,634,718,972,1305,1426,1947,2165,2475,2830,2893,3030,3424,3503,3592,3749,3834,4024,4154,4375,4593,4751,4863,5004,5174,5278,5418,5508,5571,5797,5953,6008,6216,6334,6453,6631,6877,7109,7201,7402
183,,Poland,51.9194,19.1451,0,0,0,0,0,0,0,0,0,0,0,0,0,0,0,0,0,0,0,0,0,0,0,0,0,0,0,0,0,0,0,0,0,0,0,0,0,0,0,0,0,0,1,1,5,5,11,16,22,31,48,66,100,116,160,220,233,349,419,530,626,740,890,1030,1198,1366,1613,1833,2017,2271,2464,2833,3256,3432,3874,4144,4528,4824,5117,5456,5773,6003,6202,6321,6628,6830,7181,7414,7887,8080,8158,8230,8317,8454,8623,8817,8874,8967,8991,8997,8963,8949,9070
184,,Portugal,39.3999,-8.2245,0,0,0,0,0,0,0,0,0,0,0,0,0,0,0,0,0,0,0,0,0,0,0,0,0,0,0,0,0,0,0,0,0,0,0,0,0,0,0,0,2,2,5,8,13,20,30,30,41,59,59,111,167,243,328,444,443,779,1009,1263,1581,2032,2307,2930,3441,4149,5027,5800,6225,7240,8021,8757,9572,10183,10908,11279,11913,12565,13342,14804,15251,15804,16122,16534,17109,17719,17846,18388,18882,19518,19700,20054,20332,20715,21235,21632,21742,21985,22062,22537,22697,22496,22550
185,,Qatar,25.3548,51.1839,0,0,0,0,0,0,0,0,0,0,0,0,0,0,0,0,0,0,0,0,0,0,0,0,0,0,0,0,0,0,0,0,0,0,0,0,0,0,1,3,3,7,8,8,8,8,15,18,24,262,262,320,333,397,435,435,448,456,460,454,461,468,485,496,506,519,544,585,641,717,762,874,979,1213,1477,1697,1901,2026,2164,2279,2475,2697,2890,3048,3298,3681,4192,4490,4922,5451,5910,6442,7004,7706,8419,9265,10168,10777,11311,12027,12648,13326,13875
186,,Romania,45.9432,24.9668,0,0,0,0,0,0,0,0,0,0,0,0,0,0,0,0,0,0,0,0,0,0,0,0,0,0,0,0,0,0,0,0,0,0,0,1,1,3,3,3,3,3,3,5,8,6,12,12,22,39,43,82,114,122,149,168,241,252,283,315,366,505,704,803,912,1151,1276,1566,1835,1943,2116,2356,2767,3138,3339,3475,3760,4013,4307,4468,4941,5132,5388,5477,5627,5958,6148,6267,6403,6441,6591,6780,7073,7033,7144,7363,7557,7549,7716,7506,7495,7414,7504
187,,Russia,60.0,90.0,0,0,0,0,0,0,0,0,0,2,2,2,2,2,2,2,2,2,2,2,2,0,0,0,0,0,0,0,0,0,0,0,0,0,0,0,0,0,0,0,1,1,1,2,11,11,14,14,17,17,25,42,51,55,82,106,139,189,243,293,350,421,472,626,799,987,1211,1462,1761,2199,2563,3283,3834,4355,4989,5890,6945,8029,9357,11028,12433,14349,16710,19238,22306,25402,29145,33423,39201,43270,48434,53066,57327,62439,67657,73435,79007,84235,88141,93806,100042,107819,116768
188,,Rwanda,-1.9403,29.8739,0,0,0,0,0,0,0,0,0,0,0,0,0,0,0,0,0,0,0,0,0,0,0,0,0,0,0,0,0,0,0,0,0,0,0,0,0,0,0,0,0,0,0,0,0,0,0,0,0,0,0,0,1,1,5,7,8,8,17,17,19,36,40,41,50,54,60,70,70,75,82,84,89,102,100,101,98,103,103,111,102,101,85,85,82,78,78,75,71,71,66,69,67,89,95,99,114,117,127,139,140,135,135
189,,Saint Lucia,13.9094,-60.9789,0,0,0,0,0,0,0,0,0,0,0,0,0,0,0,0,0,0,0,0,0,0,0,0,0,0,0,0,0,0,0,0,0,0,0,0,0,0,0,0,0,0,0,0,0,0,0,0,0,0,0,0,1,2,2,2,2,2,2,2,2,3,3,3,3,2,2,8,8,12,12,12,12,13,13,13,13,13,13,14,14,11,11,4,4,4,4,4,4,2,2,0,0,0,0,0,0,0,2,2,2,2,3
190,,Saint Vincent and the Grenadines,12.9843,-61.2872,0,0,0,0,0,0,0,0,0,0,0,0,0,0,0,0,0,0,0,0,0,0,0,0,0,0,0,0,0,0,0,0,0,0,0,0,0,0,0,0,0,0,0,0,0,0,0,0,0,0,0,0,1,1,1,1,1,1,1,1,1,1,1,1,1,1,0,0,0,0,0,1,2,6,6,6,7,7,11,11,11,11,11,11,11,11,11,11,11,11,10,10,10,9,9,9,7,7,8,8,8,8,8
191,,San Marino,43.9424,12.4578,0,0,0,0,0,0,0,0,0,0,0,0,0,0,0,0,0,0,0,0,0,0,0,0,0,0,0,0,0,0,0,0,0,0,0,0,1,1,1,1,8,9,15,20,20,22,35,35,49,60,66,75,71,92,98,98,104,104,126,120,151,163,162,183,183,198,196,196,192,197,197,194,194,200,199,199,205,205,250,260,268,268,268,282,283,333,339,356,362,362,374,386,398,409,409,433,433,448,453,450,457,456,455
192,,Saudi Arabia,24.0,45.0,0,0,0,0,0,0,0,0,0,0,0,0,0,0,0,0,0,0,0,0,0,0,0,0,0,0,0,0,0,0,0,0,0,0,0,0,0,0,0,0,1,1,1,5,5,5,11,15,19,20,44,85,102,102,116,165,165,268,336,376,495,546,738,869,976,1066,1162,1225,1330,1388,1440,1536,1663,1730,1880,2016,2139,2260,2577,2919,3261,3642,4064,4407,4852,5307,6006,6853,7867,8891,9882,10846,11884,12926,13948,15026,16136,17141,18292,19428,20373,21518,22693
193,,Senegal,14.4974,-14.4524,0,0,0,0,0,0,0,0,0,0,0,0,0,0,0,0,0,0,0,0,0,0,0,0,0,0,0,0,0,0,0,0,0,0,0,0,0,0,0,0,1,2,4,4,4,4,3,3,3,3,3,9,9,23,22,24,29,29,36,42,62,74,78,90,96,108,112,115,135,135,144,139,140,145,138,132,130,129,125,126,124,107,111,114,122,139,142,136,144,137,165,183,216,276,331,379,443,518,558,590,659,738,801
194,,Serbia,44.0165,21.0059,0,0,0,0,0,0,0,0,0,0,0,0,0,0,0,0,0,0,0,0,0,0,0,0,0,0,0,0,0,0,0,0,0,0,0,0,0,0,0,0,0,0,0,0,1,1,1,1,5,12,19,35,46,48,54,64,82,102,133,169,219,245,285,365,383,456,649,728,769,884,1032,1140,1437,1580,1857,2142,2386,2601,2801,3034,3306,3550,3969,4371,4774,5215,5046,5240,5443,5635,5783,5985,6070,6245,6476,6704,6904,7069,7259,7487,7487,7747,7720
195,,Seychelles,-4.6796,55.492,0,0,0,0,0,0,0,0,0,0,0,0,0,0,0,0,0,0,0,0,0,0,0,0,0,0,0,0,0,0,0,0,0,0,0,0,0,0,0,0,0,0,0,0,0,0,0,0,0,0,0,0,2,2,3,4,4,6,7,7,7,7,7,7,7,7,8,8,8,10,10,10,10,10,10,11,11,11,11,11,11,11,11,11,11,11,6,6,6,6,6,6,5,5,5,5,5,5,5,5,5,5,5
196,,Singapore,1.2833,103.8333,0,1,3,3,4,5,7,7,10,13,16,18,18,24,28,28,30,31,38,43,38,35,43,50,54,57,53,52,50,50,48,48,38,38,38,31,31,31,30,34,30,32,32,39,52,60,72,72,82,82,82,103,107,121,134,152,199,231,261,290,309,363,400,469,509,547,602,629,648,683,752,779,827,886,983,1025,1098,1211,1444,1609,1763,1964,2323,2631,3037,3734,4331,5241,5809,7202,8275,9233,10242,11107,11679,12552,13314,13809,14439,14910,15817,16184,16779
197,,Slovakia,48.669,19.699,0,0,0,0,0,0,0,0,0,0,0,0,0,0,0,0,0,0,0,0,0,0,0,0,0,0,0,0,0,0,0,0,0,0,0,0,0,0,0,0,0,0,0,0,1,1,3,3,7,10,16,32,44,54,63,72,104,122,136,177,178,179,197,209,224,267,290,312,329,360,396,420,439,460,474,524,566,664,676,690,703,717,660,720,706,802,865,865,920,909,927,946,1022,988,970,967,960,941,885,849,822,775,765
198,,Slovenia,46.1512,14.9955,0,0,0,0,0,0,0,0,0,0,0,0,0,0,0,0,0,0,0,0,0,0,0,0,0,0,0,0,0,0,0,0,0,0,0,0,0,0,0,0,0,0,0,2,7,7,16,16,31,57,89,141,180,218,252,274,274,285,340,382,412,439,476,513,546,613,665,709,735,777,816,810,844,876,890,889,921,931,953,978,990,1002,1005,1012,1022,1033,1064,1057,1064,1065,1070,1069,1076,1082,1088,1093,1098,1099,1099,1105,1109,1106,1102
199,,Somalia,5.1521,46.1996,0,0,0,0,0,0,0,0,0,0,0,0,0,0,0,0,0,0,0,0,0,0,0,0,0,0,0,0,0,0,0,0,0,0,0,0,0,0,0,0,0,0,0,0,0,0,0,0,0,0,0,0,0,0,1,1,1,1,1,1,1,1,1,1,2,3,3,3,3,4,4,4,6,6,6,6,7,10,10,19,19,22,56,56,73,73,108,126,154,225,274,274,304,304,364,403,444,481,534,542,542,606,646
200,,South Africa,-30.5595,22.9375,0,0,0,0,0,0,0,0,0,0,0,0,0,0,0,0,0,0,0,0,0,0,0,0,0,0,0,0,0,0,0,0,0,0,0,0,0,0,0,0,0,0,0,1,1,1,3,3,7,13,17,24,38,51,62,62,116,150,202,240,274,402,550,697,915,1138,1155,1247,1292,1317,1325,1407,1401,1481,1549,1579,1641,1732,1821,1569,1593,1738,1835,1978,2062,1654,1830,2079,2201,2187,2352,2515,2405,2668,2802,2986,3230,2830,3174,3471,3453,3664,4103
201,,Spain,40.0,-4.0,0,0,0,0,0,0,0,0,0,0,1,1,1,1,1,1,1,1,2,2,2,2,2,2,0,0,0,0,0,0,0,0,0,0,4,11,13,30,43,82,118,162,218,254,393,460,626,1013,1628,2040,2039,4906,5679,6992,9070,10187,12206,16026,17779,21874,24421,30250,33283,40501,46406,51224,54968,58598,63460,68200,72084,74974,77488,80002,80925,82897,84689,85407,85610,86524,87312,87231,87616,86981,88083,90836,96040,96886,100864,98771,100382,100757,101617,88111,87295,86072,85069,84403,79695,76842,76842,74234,73300
202,,Sri Lanka,7.0,81.0,0,0,0,0,0,1,1,1,1,1,1,1,1,1,1,1,1,0,0,0,0,0,0,0,0,0,0,0,0,0,0,0,0,0,0,0,0,0,0,0,0,0,0,0,0,0,0,0,0,1,1,5,9,17,27,43,50,57,70,76,79,94,100,99,99,99,103,105,105,124,122,126,131,134,138,135,137,138,134,129,137,147,154,165,168,163,160,161,168,199,201,218,254,304,335,396,455,478,506,502,521,526,527
203,,Sudan,12.8628,30.2176,0,0,0,0,0,0,0,0,0,0,0,0,0,0,0,0,0,0,0,0,0,0,0,0,0,0,0,0,0,0,0,0,0,0,0,0,0,0,0,0,0,0,0,0,0,0,0,0,0,0,0,0,0,0,0,0,1,1,1,1,1,1,2,2,2,2,4,5,4,4,3,4,6,6,8,8,10,10,11,13,15,15,21,23,23,23,23,50,50,87,87,115,144,144,177,196,232,262,315,372,451,499,499
204,,Suriname,3.9193,-56.0278,0,0,0,0,0,0,0,0,0,0,0,0,0,0,0,0,0,0,0,0,0,0,0,0,0,0,0,0,0,0,0,0,0,0,0,0,0,0,0,0,0,0,0,0,0,0,0,0,0,0,0,0,1,1,1,1,1,1,4,4,5,5,7,8,8,8,8,8,8,9,10,10,9,9,9,9,9,6,5,5,5,5,3,3,3,3,3,3,3,3,3,3,3,2,2,2,2,2,1,1,1,1,0
205,,Sweden,63.0,16.0,0,0,0,0,0,0,0,0,0,1,1,1,1,1,1,1,1,1,1,1,1,1,1,1,1,1,1,1,1,1,1,1,1,1,1,2,7,7,12,14,15,21,35,94,101,161,203,247,354,498,597,812,958,1018,1096,1182,1268,1412,1607,1727,1897,2005,2234,2448,2747,2948,3326,3574,3866,4239,4605,5157,5568,5865,6224,6524,6897,7527,8143,8434,8883,9203,9648,10031,10343,10657,11266,11761,12295,12647,13007,13517,14184,14410,14980,15441,15647,16261,16835,17501,17862,18408,18633
206,,Switzerland,46.8182,8.2275,0,0,0,0,0,0,0,0,0,0,0,0,0,0,0,0,0,0,0,0,0,0,0,0,0,0,0,0,0,0,0,0,0,0,1,1,8,8,18,27,42,54,87,110,210,264,332,369,485,644,644,1124,1342,2182,2182,2669,2985,4019,5225,6485,7245,8544,9624,10613,11489,11167,12282,12934,13740,14349,14313,14278,14169,13424,13970,12836,12728,12585,12503,12449,11971,11609,10850,11062,9697,9551,9351,8936,8547,7915,7185,6859,6347,6088,5995,5651,5299,4965,5091,4449,4051,3855,3643
207,,Taiwan*,23.7,121.0,1,1,3,3,4,5,8,8,9,10,10,10,10,11,11,15,15,16,17,17,17,17,17,16,16,17,19,19,20,21,23,23,25,24,25,26,26,27,29,30,28,29,29,31,32,32,31,29,29,30,28,29,32,38,46,54,77,81,107,123,139,165,184,204,221,236,251,266,262,278,285,289,293,300,308,311,314,313,308,285,280,273,278,263,265,234,223,214,225,213,202,184,168,158,148,142,133,116,112,101,99,102,98
208,,Tanzania,-6.369,34.8888,0,0,0,0,0,0,0,0,0,0,0,0,0,0,0,0,0,0,0,0,0,0,0,0,0,0,0,0,0,0,0,0,0,0,0,0,0,0,0,0,0,0,0,0,0,0,0,0,0,0,0,0,0,0,1,1,3,6,6,6,12,12,12,12,13,12,13,13,18,17,18,17,16,16,18,20,18,19,19,24,24,24,39,43,73,79,131,131,152,233,233,263,263,241,241,241,241,241,297,297,297,297,297
209,,Thailand,15.0,101.0,2,3,5,7,6,6,9,9,9,14,14,14,14,20,20,20,20,22,22,22,23,23,21,21,21,20,20,20,20,20,18,18,14,14,15,18,18,13,14,13,11,11,11,15,16,18,18,18,19,24,35,39,46,78,111,135,169,229,279,368,554,676,771,860,953,1034,1142,1284,1286,1299,1254,1355,1347,1373,1353,1401,1343,1451,1451,1427,1348,1295,1251,1167,1103,1033,964,899,790,746,655,425,359,309,309,277,270,232,228,216,187,180,176
210,,Togo,8.6195,0.8248,0,0,0,0,0,0,0,0,0,0,0,0,0,0,0,0,0,0,0,0,0,0,0,0,0,0,0,0,0,0,0,0,0,0,0,0,0,0,0,0,0,0,0,0,1,1,1,1,1,1,1,1,1,1,1,1,1,1,8,15,15,17,19,22,22,23,23,23,28,23,24,20,20,21,21,32,39,44,46,48,48,44,45,42,43,31,30,30,27,25,24,26,23,25,28,30,30,30,38,42,48,48,48
211,,Trinidad and Tobago,10.6918,-61.2225,0,0,0,0,0,0,0,0,0,0,0,0,0,0,0,0,0,0,0,0,0,0,0,0,0,0,0,0,0,0,0,0,0,0,0,0,0,0,0,0,0,0,0,0,0,0,0,0,0,0,0,0,2,2,4,5,7,9,9,48,49,50,57,59,64,63,70,74,78,83,84,88,91,96,96,96,98,98,100,100,92,89,89,88,87,86,86,85,85,84,79,70,59,59,54,53,49,49,37,36,25,20,15
212,,Tunisia,34.0,9.0,0,0,0,0,0,0,0,0,0,0,0,0,0,0,0,0,0,0,0,0,0,0,0,0,0,0,0,0,0,0,0,0,0,0,0,0,0,0,0,0,0,0,1,1,1,1,2,2,5,7,7,16,18,18,20,24,29,38,53,59,71,85,109,166,189,219,268,302,301,381,406,436,472,530,547,569,575,579,593,621,614,633,649,670,702,742,784,784,798,698,698,681,690,690,694,695,649,656,646,648,641,644,643
213,,Turkey,38.9637,35.2433,0,0,0,0,0,0,0,0,0,0,0,0,0,0,0,0,0,0,0,0,0,0,0,0,0,0,0,0,0,0,0,0,0,0,0,0,0,0,0,0,0,0,0,0,0,0,0,0,0,1,1,5,5,6,18,46,97,189,355,661,1206,1492,1828,2348,3528,5564,7224,8981,10497,13074,15069,17364,20012,22647,25453,28242,31802,35568,39232,43600,48101,52312,55796,58909,62200,65461,68146,69986,72313,75410,78414,79821,80808,80575,79485,78185,75570,72852,70468,68144,65326,62780,59497
214,,Uganda,1.0,32.0,0,0,0,0,0,0,0,0,0,0,0,0,0,0,0,0,0,0,0,0,0,0,0,0,0,0,0,0,0,0,0,0,0,0,0,0,0,0,0,0,0,0,0,0,0,0,0,0,0,0,0,0,0,0,0,0,0,0,0,1,1,9,9,14,14,23,30,33,33,44,44,45,48,48,52,52,52,53,53,53,49,50,47,47,43,35,36,33,27,18,23,18,28,29,29,33,32,27,29,31,33,36,37
215,,Ukraine,48.3794,31.1656,0,0,0,0,0,0,0,0,0,0,0,0,0,0,0,0,0,0,0,0,0,0,0,0,0,0,0,0,0,0,0,0,0,0,0,0,0,0,0,0,0,1,1,1,1,1,1,1,1,1,1,2,2,2,6,12,12,14,26,43,69,69,93,139,190,300,342,459,527,618,761,856,1023,1168,1243,1253,1389,1581,1790,2073,2359,2605,2912,3155,3513,3859,4291,4698,4961,5200,5597,5994,6479,6664,7142,7568,7925,8179,8513,8907,9176,9634,10077
216,,United Arab Emirates,24.0,54.0,0,0,0,0,0,0,0,4,4,4,4,5,5,5,5,5,5,7,7,8,8,7,7,7,5,5,5,5,5,5,5,9,9,9,9,9,9,14,16,16,16,22,22,24,24,38,38,38,62,57,68,68,68,75,75,75,87,109,107,113,113,158,201,279,279,351,414,509,545,597,745,920,1147,1370,1645,1898,2161,2408,2708,2926,3128,3421,3644,3972,4298,4695,5077,5077,5454,5862,6266,6640,7063,7457,7855,8295,8667,9110,9502,9947,10384,10816,11274
217,Bermuda,United Kingdom,32.3078,-64.7505,0,0,0,0,0,0,0,0,0,0,0,0,0,0,0,0,0,0,0,0,0,0,0,0,0,0,0,0,0,0,0,0,0,0,0,0,0,0,0,0,0,0,0,0,0,0,0,0,0,0,0,0,0,0,0,0,0,2,2,2,6,6,6,7,13,15,15,20,25,22,22,24,21,21,23,20,20,13,19,19,19,24,22,22,43,43,43,43,46,44,44,55,55,55,65,65,60,60,57,60,60,56,57
218,Cayman Islands,United Kingdom,19.3133,-81.2546,0,0,0,0,0,0,0,0,0,0,0,0,0,0,0,0,0,0,0,0,0,0,0,0,0,0,0,0,0,0,0,0,0,0,0,0,0,0,0,0,0,0,0,0,0,0,0,0,0,0,0,1,1,1,0,0,0,2,2,2,2,4,5,7,7,7,7,7,11,13,21,27,27,33,33,37,38,38,38,38,38,46,46,47,47,53,53,53,53,58,58,58,58,61,61,61,61,59,62,62,63,63,63
219,Channel Islands,United Kingdom,49.3723,-2.3644,0,0,0,0,0,0,0,0,0,0,0,0,0,0,0,0,0,0,0,0,0,0,0,0,0,0,0,0,0,0,0,0,0,0,0,0,0,0,0,0,0,0,0,0,0,0,0,0,1,2,2,2,2,3,6,6,6,11,14,32,32,36,36,46,65,87,96,106,139,138,169,190,215,244,276,289,294,305,313,349,350,374,379,379,363,365,377,390,394,391,216,185,197,194,158,158,138,142,113,111,91,96,97
220,Gibraltar,United Kingdom,36.1408,-5.3536,0,0,0,0,0,0,0,0,0,0,0,0,0,0,0,0,0,0,0,0,0,0,0,0,0,0,0,0,0,0,0,0,0,0,0,0,0,0,0,0,0,0,1,1,1,1,1,1,0,0,0,0,0,0,0,2,6,8,8,8,13,13,10,21,22,41,42,51,35,35,47,42,49,46,51,57,53,60,63,58,45,45,45,36,27,27,27,21,12,12,12,5,4,2,5,10,10,10,10,13,13,12,12
221,Isle of Man,United Kingdom,54.2361,-4.5481,0,0,0,0,0,0,0,0,0,0,0,0,0,0,0,0,0,0,0,0,0,0,0,0,0,0,0,0,0,0,0,0,0,0,0,0,0,0,0,0,0,0,0,0,0,0,0,0,0,0,0,0,0,0,0,0,0,0,1,1,5,13,23,23,25,29,32,42,49,60,67,94,113,125,126,83,76,75,97,97,112,114,109,111,101,126,118,111,99,91,89,80,70,60,47,43,40,36,34,34,23,27,28
222,Montserrat,United Kingdom,16.7425,-62.1874,0,0,0,0,0,0,0,0,0,0,0,0,0,0,0,0,0,0,0,0,0,0,0,0,0,0,0,0,0,0,0,0,0,0,0,0,0,0,0,0,0,0,0,0,0,0,0,0,0,0,0,0,0,0,0,0,1,1,1,1,1,1,1,1,5,5,5,5,5,5,5,5,6,6,6,6,9,9,9,9,9,9,10,10,10,10,10,9,9,9,9,9,9,8,8,8,8,8,8,8,8,8,3
223,,United Kingdom,55.3781,-3.4360000000000004,0,0,0,0,0,0,0,0,0,2,2,2,2,2,2,2,3,3,3,8,8,9,9,9,9,9,9,9,9,9,9,9,9,13,13,13,15,20,23,36,40,51,85,115,163,206,273,321,382,456,456,798,1140,1140,1543,1950,2626,2689,3983,5018,5683,6650,8077,9529,11656,14541,17087,19520,22139,25140,29464,33707,38154,41889,47792,51589,55223,60707,65048,73729,78962,84246,88586,93838,98438,103055,108652,114177,120027,124701,129002,133451,138034,143420,148333,152796,157099,161095,165167,171199,177400,182202,186541
224,,Uruguay,-32.5228,-55.7658,0,0,0,0,0,0,0,0,0,0,0,0,0,0,0,0,0,0,0,0,0,0,0,0,0,0,0,0,0,0,0,0,0,0,0,0,0,0,0,0,0,0,0,0,0,0,0,0,0,0,0,0,4,4,8,29,50,79,94,110,158,162,162,189,217,238,274,303,309,296,295,284,297,302,302,296,267,267,257,260,273,242,241,227,224,207,207,205,209,212,211,207,191,182,212,216,219,216,203,209,196,195,196
225,,US,37.0902,-95.7129,1,1,2,2,5,5,5,5,5,7,8,8,11,11,11,11,11,11,8,8,9,9,10,10,10,10,10,10,10,10,10,10,10,46,45,51,52,53,60,66,85,104,131,198,241,378,490,554,923,1237,1610,2118,2657,3414,4516,6271,7514,13368,18777,24982,32512,42879,52380,64101,81429,98523,117662,134824,151995,175781,198267,226700,256414,283143,306979,332842,359167,386825,417115,445412,470784,496239,509267,529645,551520,578062,603750,627604,647527,669338,691575,715573,739243,754786,784027,803916,820514,838291,858222,852481,874503,890788,910206
226,,Uzbekistan,41.3775,64.5853,0,0,0,0,0,0,0,0,0,0,0,0,0,0,0,0,0,0,0,0,0,0,0,0,0,0,0,0,0,0,0,0,0,0,0,0,0,0,0,0,0,0,0,0,0,0,0,0,0,0,0,0,0,1,6,10,15,23,33,43,43,46,50,60,75,82,97,135,140,163,167,178,200,239,310,425,488,512,541,579,721,795,909,1062,1191,1216,1245,1291,1335,1361,1315,1259,1190,1175,1147,1072,1004,939,897,897,865,838,820
227,,Venezuela,6.4238,-66.5897,0,0,0,0,0,0,0,0,0,0,0,0,0,0,0,0,0,0,0,0,0,0,0,0,0,0,0,0,0,0,0,0,0,0,0,0,0,0,0,0,0,0,0,0,0,0,0,0,0,0,0,0,2,10,17,33,36,42,42,70,55,62,69,76,92,75,78,78,93,93,99,98,94,96,100,93,93,93,78,78,73,79,70,70,77,84,84,105,130,130,158,156,175,176,181,178,177,177,179,175,177,187,189
228,,Vietnam,16.0,108.0,0,2,2,2,2,2,2,2,2,2,5,5,7,7,7,9,9,12,12,13,9,9,9,9,9,9,9,9,9,9,2,2,2,2,0,0,0,0,0,0,0,0,0,0,0,2,14,14,15,22,23,31,37,40,45,50,59,69,75,77,96,106,117,124,133,143,153,163,148,154,155,158,152,150,151,150,126,125,127,113,114,118,119,97,96,91,70,67,66,54,52,45,44,50,45,45,45,48,48,51,51,51,52
229,,Zambia,-15.4167,28.2833,0,0,0,0,0,0,0,0,0,0,0,0,0,0,0,0,0,0,0,0,0,0,0,0,0,0,0,0,0,0,0,0,0,0,0,0,0,0,0,0,0,0,0,0,0,0,0,0,0,0,0,0,0,0,0,0,2,2,2,2,3,3,3,12,16,22,28,29,35,35,36,38,36,36,35,33,31,31,14,13,10,11,13,13,16,16,20,22,25,27,32,36,36,44,44,43,43,50,40,48,32,41,43
230,,Zimbabwe,-20.0,30.0,0,0,0,0,0,0,0,0,0,0,0,0,0,0,0,0,0,0,0,0,0,0,0,0,0,0,0,0,0,0,0,0,0,0,0,0,0,0,0,0,0,0,0,0,0,0,0,0,0,0,0,0,0,0,0,0,0,0,1,3,3,2,2,2,2,4,6,6,6,7,7,8,8,8,8,9,9,8,8,10,11,11,14,14,19,19,19,20,20,20,23,22,22,23,25,25,23,23,23,31,31,25,25
232,,Dominica,15.415,-61.371,0,0,0,0,0,0,0,0,0,0,0,0,0,0,0,0,0,0,0,0,0,0,0,0,0,0,0,0,0,0,0,0,0,0,0,0,0,0,0,0,0,0,0,0,0,0,0,0,0,0,0,0,0,0,0,0,0,0,0,0,1,2,2,7,11,11,11,11,11,12,12,12,12,14,14,14,14,14,14,11,11,8,8,8,8,8,8,8,8,8,8,7,7,6,3,3,3,3,3,3,3,3,3
233,,Grenada,12.1165,-61.678999999999995,0,0,0,0,0,0,0,0,0,0,0,0,0,0,0,0,0,0,0,0,0,0,0,0,0,0,0,0,0,0,0,0,0,0,0,0,0,0,0,0,0,0,0,0,0,0,0,0,0,0,0,0,0,0,0,0,0,0,0,0,1,1,1,1,7,7,7,9,9,9,9,10,12,12,12,12,12,12,12,14,14,14,14,14,14,14,8,8,8,8,8,9,9,8,11,11,11,9,7,7,7,8,8
234,,Mozambique,-18.665695,35.529562,0,0,0,0,0,0,0,0,0,0,0,0,0,0,0,0,0,0,0,0,0,0,0,0,0,0,0,0,0,0,0,0,0,0,0,0,0,0,0,0,0,0,0,0,0,0,0,0,0,0,0,0,0,0,0,0,0,0,0,0,1,1,3,5,7,7,8,8,8,8,10,10,10,9,9,9,9,16,16,18,18,19,19,26,27,29,32,31,31,31,31,33,37,53,58,64,64,64,64,64,67,61,61
235,,Syria,34.802075,38.99681500000001,0,0,0,0,0,0,0,0,0,0,0,0,0,0,0,0,0,0,0,0,0,0,0,0,0,0,0,0,0,0,0,0,0,0,0,0,0,0,0,0,0,0,0,0,0,0,0,0,0,0,0,0,0,0,0,0,0,0,0,0,1,1,1,5,5,5,5,8,8,8,8,14,14,12,15,15,14,13,13,13,18,18,18,22,26,26,31,31,31,31,33,33,33,33,28,26,21,19,19,19,14,14,14
236,,Timor-Leste,-8.874217,125.727539,0,0,0,0,0,0,0,0,0,0,0,0,0,0,0,0,0,0,0,0,0,0,0,0,0,0,0,0,0,0,0,0,0,0,0,0,0,0,0,0,0,0,0,0,0,0,0,0,0,0,0,0,0,0,0,0,0,0,0,0,1,1,1,1,1,1,1,1,1,1,1,1,1,1,1,1,1,1,1,1,1,1,3,5,7,17,17,17,18,21,22,22,22,22,22,22,22,18,18,8,8,8,8
237,,Belize,13.1939,-59.5432,0,0,0,0,0,0,0,0,0,0,0,0,0,0,0,0,0,0,0,0,0,0,0,0,0,0,0,0,0,0,0,0,0,0,0,0,0,0,0,0,0,0,0,0,0,0,0,0,0,0,0,0,0,0,0,0,0,0,0,0,0,1,1,2,2,2,2,2,3,3,3,3,4,4,5,6,6,7,8,8,11,12,16,16,16,16,16,16,14,14,14,14,11,11,11,11,10,7,7,7,3,3,3
239,,Laos,19.856270000000002,102.495496,0,0,0,0,0,0,0,0,0,0,0,0,0,0,0,0,0,0,0,0,0,0,0,0,0,0,0,0,0,0,0,0,0,0,0,0,0,0,0,0,0,0,0,0,0,0,0,0,0,0,0,0,0,0,0,0,0,0,0,0,0,0,2,3,6,6,8,8,8,9,10,10,10,10,11,12,14,15,16,16,18,19,19,18,18,17,17,17,17,17,17,15,15,15,12,12,12,12,12,11,11,10,10
240,,Libya,26.3351,17.228331,0,0,0,0,0,0,0,0,0,0,0,0,0,0,0,0,0,0,0,0,0,0,0,0,0,0,0,0,0,0,0,0,0,0,0,0,0,0,0,0,0,0,0,0,0,0,0,0,0,0,0,0,0,0,0,0,0,0,0,0,0,0,1,1,1,1,3,8,8,9,10,10,10,17,17,17,18,12,15,15,15,15,16,25,38,37,37,37,39,35,35,43,43,41,41,41,41,41,41,40,42,38,38
241,,West Bank and Gaza,31.9522,35.2332,0,0,0,0,0,0,0,0,0,0,0,0,0,0,0,0,0,0,0,0,0,0,0,0,0,0,0,0,0,0,0,0,0,0,0,0,0,0,0,0,0,0,0,4,7,16,16,19,26,30,30,31,35,38,38,39,41,44,30,31,35,42,42,42,66,73,79,90,97,100,115,142,172,195,211,229,218,218,218,220,209,230,248,244,309,309,331,347,363,375,391,399,384,388,248,257,257,270,271,266,275,275,274
242,,Guinea-Bissau,11.8037,-15.1804,0,0,0,0,0,0,0,0,0,0,0,0,0,0,0,0,0,0,0,0,0,0,0,0,0,0,0,0,0,0,0,0,0,0,0,0,0,0,0,0,0,0,0,0,0,0,0,0,0,0,0,0,0,0,0,0,0,0,0,0,0,0,0,2,2,2,2,2,8,8,9,9,15,18,18,18,33,33,36,36,38,38,38,38,43,43,43,46,47,47,47,47,47,49,49,49,54,54,185,185,237,237,237
243,,Mali,17.570692,-3.996166000000001,0,0,0,0,0,0,0,0,0,0,0,0,0,0,0,0,0,0,0,0,0,0,0,0,0,0,0,0,0,0,0,0,0,0,0,0,0,0,0,0,0,0,0,0,0,0,0,0,0,0,0,0,0,0,0,0,0,0,0,0,0,0,0,2,4,11,18,17,23,26,28,33,36,37,39,33,39,36,45,58,58,74,87,97,101,124,124,162,168,176,187,203,211,217,258,254,272,278,328,329,286,312,323
244,,Saint Kitts and Nevis,17.357822,-62.782998,0,0,0,0,0,0,0,0,0,0,0,0,0,0,0,0,0,0,0,0,0,0,0,0,0,0,0,0,0,0,0,0,0,0,0,0,0,0,0,0,0,0,0,0,0,0,0,0,0,0,0,0,0,0,0,0,0,0,0,0,0,0,0,2,2,2,2,2,7,8,8,9,9,9,10,10,11,11,11,12,12,12,12,14,14,14,14,14,14,15,15,14,14,13,13,13,13,11,11,9,7,7,7
247,,Kosovo,42.602636,20.902977,0,0,0,0,0,0,0,0,0,0,0,0,0,0,0,0,0,0,0,0,0,0,0,0,0,0,0,0,0,0,0,0,0,0,0,0,0,0,0,0,0,0,0,0,0,0,0,0,0,0,0,0,0,0,0,0,0,0,0,0,0,0,0,0,70,84,89,92,92,105,114,114,115,118,121,121,142,149,149,191,218,218,218,313,313,359,384,405,447,460,458,474,491,522,546,576,557,536,528,513,513,465,448
248,,Burma,21.9162,95.956,0,0,0,0,0,0,0,0,0,0,0,0,0,0,0,0,0,0,0,0,0,0,0,0,0,0,0,0,0,0,0,0,0,0,0,0,0,0,0,0,0,0,0,0,0,0,0,0,0,0,0,0,0,0,0,0,0,0,0,0,0,0,0,0,0,8,8,10,14,14,14,19,19,20,20,21,21,19,18,22,33,35,56,57,68,79,79,88,99,107,109,111,125,130,131,131,125,129,117,118,114,108,106
249,Anguilla,United Kingdom,18.2206,-63.0686,0,0,0,0,0,0,0,0,0,0,0,0,0,0,0,0,0,0,0,0,0,0,0,0,0,0,0,0,0,0,0,0,0,0,0,0,0,0,0,0,0,0,0,0,0,0,0,0,0,0,0,0,0,0,0,0,0,0,0,0,0,0,0,0,0,0,2,2,2,2,2,3,3,3,3,3,3,3,3,3,3,3,2,2,2,2,2,2,2,2,2,2,2,2,2,2,0,0,0,0,0,0,0
250,British Virgin Islands,United Kingdom,18.4207,-64.64,0,0,0,0,0,0,0,0,0,0,0,0,0,0,0,0,0,0,0,0,0,0,0,0,0,0,0,0,0,0,0,0,0,0,0,0,0,0,0,0,0,0,0,0,0,0,0,0,0,0,0,0,0,0,0,0,0,0,0,0,0,0,0,0,0,0,2,2,2,3,3,3,3,3,3,3,3,3,3,3,1,1,1,1,1,1,2,2,1,1,1,1,1,1,2,2,2,2,2,2,2,2,2
251,Turks and Caicos Islands,United Kingdom,21.69400000000001,-71.7979,0,0,0,0,0,0,0,0,0,0,0,0,0,0,0,0,0,0,0,0,0,0,0,0,0,0,0,0,0,0,0,0,0,0,0,0,0,0,0,0,0,0,0,0,0,0,0,0,0,0,0,0,0,0,0,0,0,0,0,0,0,0,0,0,0,0,4,4,5,5,6,5,5,5,4,7,7,7,7,7,7,8,9,9,9,10,10,10,10,10,10,6,6,6,6,6,6,6,6,6,6,6,6
252,,MS Zaandam,0.0,0.0,0,0,0,0,0,0,0,0,0,0,0,0,0,0,0,0,0,0,0,0,0,0,0,0,0,0,0,0,0,0,0,0,0,0,0,0,0,0,0,0,0,0,0,0,0,0,0,0,0,0,0,0,0,0,0,0,0,0,0,0,0,0,0,0,0,0,2,2,2,2,7,7,7,7,7,7,7,7,7,7,7,7,7,7,7,7,7,7,7,7,7,7,7,7,7,7,7,7,7,7,7,7,7
253,,Botswana,-22.3285,24.6849,0,0,0,0,0,0,0,0,0,0,0,0,0,0,0,0,0,0,0,0,0,0,0,0,0,0,0,0,0,0,0,0,0,0,0,0,0,0,0,0,0,0,0,0,0,0,0,0,0,0,0,0,0,0,0,0,0,0,0,0,0,0,0,0,0,0,0,0,3,3,3,3,3,3,5,5,5,5,12,12,12,12,12,12,12,14,14,14,19,19,19,21,21,21,21,21,21,22,17,17,14,14,14
254,,Burundi,-3.3731,29.9189,0,0,0,0,0,0,0,0,0,0,0,0,0,0,0,0,0,0,0,0,0,0,0,0,0,0,0,0,0,0,0,0,0,0,0,0,0,0,0,0,0,0,0,0,0,0,0,0,0,0,0,0,0,0,0,0,0,0,0,0,0,0,0,0,0,0,0,0,0,2,2,3,3,3,3,3,3,3,3,3,5,5,4,4,4,4,4,4,4,0,0,6,6,6,6,6,6,6,6,6,6,7,7
255,,Sierra Leone,8.460555000000001,-11.779889,0,0,0,0,0,0,0,0,0,0,0,0,0,0,0,0,0,0,0,0,0,0,0,0,0,0,0,0,0,0,0,0,0,0,0,0,0,0,0,0,0,0,0,0,0,0,0,0,0,0,0,0,0,0,0,0,0,0,0,0,0,0,0,0,0,0,0,0,0,1,2,2,2,4,6,6,6,7,7,8,8,10,10,11,13,15,26,30,29,37,44,55,53,70,70,79,79,88,88,96,108,126,129
256,"Bonaire, Sint Eustatius and Saba",Netherlands,12.1784,-68.2385,0,0,0,0,0,0,0,0,0,0,0,0,0,0,0,0,0,0,0,0,0,0,0,0,0,0,0,0,0,0,0,0,0,0,0,0,0,0,0,0,0,0,0,0,0,0,0,0,0,0,0,0,0,0,0,0,0,0,0,0,0,0,0,0,0,0,0,0,0,0,0,2,2,2,2,2,2,2,2,2,2,3,3,3,3,3,3,3,5,5,5,5,5,5,5,5,5,5,5,5,6,6,6
257,,Malawi,-13.254307999999998,34.301525,0,0,0,0,0,0,0,0,0,0,0,0,0,0,0,0,0,0,0,0,0,0,0,0,0,0,0,0,0,0,0,0,0,0,0,0,0,0,0,0,0,0,0,0,0,0,0,0,0,0,0,0,0,0,0,0,0,0,0,0,0,0,0,0,0,0,0,0,0,0,0,3,3,4,4,5,7,7,7,8,10,11,14,14,14,14,12,12,12,12,13,17,27,26,26,27,29,28,26,27,25,26,27
258,Falkland Islands (Malvinas),United Kingdom,-51.7963,-59.5236,0,0,0,0,0,0,0,0,0,0,0,0,0,0,0,0,0,0,0,0,0,0,0,0,0,0,0,0,0,0,0,0,0,0,0,0,0,0,0,0,0,0,0,0,0,0,0,0,0,0,0,0,0,0,0,0,0,0,0,0,0,0,0,0,0,0,0,0,0,0,0,0,0,1,2,2,2,4,4,4,4,4,4,10,10,10,10,8,8,8,8,8,1,2,2,2,2,2,2,2,0,0,0
259,Saint Pierre and Miquelon,France,46.8852,-56.3159,0,0,0,0,0,0,0,0,0,0,0,0,0,0,0,0,0,0,0,0,0,0,0,0,0,0,0,0,0,0,0,0,0,0,0,0,0,0,0,0,0,0,0,0,0,0,0,0,0,0,0,0,0,0,0,0,0,0,0,0,0,0,0,0,0,0,0,0,0,0,0,0,0,0,1,1,1,1,1,1,1,1,1,1,1,1,1,1,1,1,1,1,1,1,1,1,1,1,1,1,1,1,1
260,,South Sudan,6.8770000000000024,31.307,0,0,0,0,0,0,0,0,0,0,0,0,0,0,0,0,0,0,0,0,0,0,0,0,0,0,0,0,0,0,0,0,0,0,0,0,0,0,0,0,0,0,0,0,0,0,0,0,0,0,0,0,0,0,0,0,0,0,0,0,0,0,0,0,0,0,0,0,0,0,0,0,0,0,1,1,2,2,3,4,4,4,4,4,4,4,4,4,4,4,4,4,5,5,5,6,6,34,34,35,45,45,46
261,,Western Sahara,24.2155,-12.8858,0,0,0,0,0,0,0,0,0,0,0,0,0,0,0,0,0,0,0,0,0,0,0,0,0,0,0,0,0,0,0,0,0,0,0,0,0,0,0,0,0,0,0,0,0,0,0,0,0,0,0,0,0,0,0,0,0,0,0,0,0,0,0,0,0,0,0,0,0,0,0,0,0,0,4,4,4,4,4,4,4,6,6,6,6,6,6,6,6,6,6,6,1,1,1,1,1,1,1,1,1,1,1
262,,Sao Tome and Principe,0.18636,6.613081,0,0,0,0,0,0,0,0,0,0,0,0,0,0,0,0,0,0,0,0,0,0,0,0,0,0,0,0,0,0,0,0,0,0,0,0,0,0,0,0,0,0,0,0,0,0,0,0,0,0,0,0,0,0,0,0,0,0,0,0,0,0,0,0,0,0,0,0,0,0,0,0,0,0,0,4,4,4,4,4,4,4,4,4,4,4,4,4,4,4,4,4,4,4,4,4,4,4,4,10,11,11,11
263,,Yemen,15.552726999999999,48.516388,0,0,0,0,0,0,0,0,0,0,0,0,0,0,0,0,0,0,0,0,0,0,0,0,0,0,0,0,0,0,0,0,0,0,0,0,0,0,0,0,0,0,0,0,0,0,0,0,0,0,0,0,0,0,0,0,0,0,0,0,0,0,0,0,0,0,0,0,0,0,0,0,0,0,0,0,0,0,0,1,1,1,1,1,1,1,1,1,1,1,1,1,1,0,0,0,0,0,5,3,4,7,7
264,,Comoros,-11.6455,43.3333,0,0,0,0,0,0,0,0,0,0,0,0,0,0,0,0,0,0,0,0,0,0,0,0,0,0,0,0,0,0,0,0,0,0,0,0,0,0,0,0,0,0,0,0,0,0,0,0,0,0,0,0,0,0,0,0,0,0,0,0,0,0,0,0,0,0,0,0,0,0,0,0,0,0,0,0,0,0,0,0,0,0,0,0,0,0,0,0,0,0,0,0,0,0,0,0,0,0,0,1,1,3,3
265,,Tajikistan,38.861034,71.276093,0,0,0,0,0,0,0,0,0,0,0,0,0,0,0,0,0,0,0,0,0,0,0,0,0,0,0,0,0,0,0,0,0,0,0,0,0,0,0,0,0,0,0,0,0,0,0,0,0,0,0,0,0,0,0,0,0,0,0,0,0,0,0,0,0,0,0,0,0,0,0,0,0,0,0,0,0,0,0,0,0,0,0,0,0,0,0,0,0,0,0,0,0,0,0,0,0,0,0,15,15,74,126
